product_id,category,subcategory,brand,unit_price
1,Electornics,General,BrandB,0.01
2,Electornics,Basic,BrandC,0.01
3,Home,Premium,BrandB,0.01
4,electronics,Basic,BrandD,0.01
5,electronics,Basic,BrandD,0.01
6,electronics,Basic,BrandD,0.01
7,Electornics,Premium,BrandA,0.01
8,Electronics,General,BrandA,0.01
9,Sports,Basic,BrandB,0.01
10,Electronics,Basic,BrandD,0.01
11,Electronics,Basic,BrandD,0.01
12,Electornics,General,BrandB,0.01
13,Electornics,Premium,BrandD,0.01
14,Home,Premium,BrandB,0.01
15,Electronics,General,BrandA,0.01
16,Electornics,General,BrandD,0.01
17,Sports,Basic,BrandA,0.01
18,Electornics,Premium,BrandD,0.01
19,Sports,Premium,BrandB,0.01
20,electronics,Premium,BrandD,0.01
21,Sports,Premium,BrandB,0.01
22,Electornics,Basic,BrandA,0.01
23,Electornics,General,BrandD,0.01
24,Sports,Basic,BrandC,0.01
25,Home,Premium,BrandB,0.01
26,Home,Basic,BrandB,0.01
27,electronics,Basic,BrandD,0.01
28,Electornics,General,BrandA,0.01
29,electronics,General,BrandD,0.01
30,Electornics,Basic,BrandD,0.01
31,Sports,Premium,BrandC,0.01
32,Home,General,BrandA,0.01
33,Electronics,Basic,BrandC,0.01
34,Electronics,Basic,BrandA,0.01
35,electronics,Premium,BrandB,0.01
36,Electornics,General,BrandC,0.01
37,Home,Basic,BrandD,0.01
38,Electronics,Basic,BrandC,0.01
39,Home,General,BrandA,0.01
40,Electronics,General,BrandB,0.01
41,electronics,Premium,BrandC,0.01
42,electronics,General,BrandA,27.87
43,Sports,Premium,BrandB,54.53
44,Home,Premium,BrandC,59.82
45,Electronics,General,BrandC,99.93
46,Electornics,General,BrandA,108.19
47,Sports,Premium,BrandD,42.25
48,Electronics,Basic,BrandD,70.23
49,Home,Premium,BrandD,52.79
50,Electornics,General,BrandA,53.76
51,Sports,Basic,BrandA,23.63
52,Sports,Premium,BrandA,93.74
53,Sports,Basic,BrandD,45.87
54,Sports,General,BrandB,35.4
55,Electornics,Premium,BrandC,44.34
56,Electronics,Premium,BrandC,63.67
57,Sports,Premium,BrandA,113.41
58,Electornics,General,BrandA,67.01
59,Electronics,General,BrandA,86.06
60,Home,Basic,BrandD,110.82
61,Home,Basic,BrandB,85.95
62,Electronics,Basic,BrandB,134.61
63,electronics,Premium,BrandA,108.88
64,electronics,General,BrandC,34.83
65,Electornics,Premium,BrandB,76.22
66,Sports,General,BrandD,55.94
67,Home,Basic,BrandA,50.07
68,Electronics,General,BrandA,89.02
69,electronics,Basic,BrandB,86.77
70,electronics,General,BrandA,104.05
71,Home,General,BrandB,117.49
72,Home,Premium,BrandA,100.67
73,Home,Premium,BrandB,104.66
74,Home,Premium,BrandB,104.54
75,electronics,Premium,BrandC,110.7
76,Electornics,Basic,BrandC,70.57
77,Home,General,BrandC,40.31
78,Home,Basic,BrandB,82.2
79,Sports,Basic,BrandB,93.54
80,Home,General,BrandB,91.82
81,Home,Basic,BrandA,71.51
82,Electronics,General,BrandB,31.16
83,Electornics,Premium,BrandB,91.0
84,Electronics,Basic,BrandB,101.29
85,Electronics,Basic,BrandC,64.36
86,Electornics,General,BrandD,53.06
87,electronics,Premium,BrandB,122.44
88,Electronics,Basic,BrandD,93.92
89,Electronics,General,BrandD,85.09
90,Home,General,BrandC,89.13
91,Electornics,Premium,BrandB,77.97
92,Sports,Premium,BrandC,82.34
93,Home,General,BrandD,36.84
94,Electronics,General,BrandA,57.54
95,electronics,General,BrandB,82.06
96,Home,Premium,BrandA,67.07
97,Electornics,Basic,BrandC,123.32
98,electronics,Premium,BrandB,91.0
99,Electronics,Premium,BrandC,106.51
100,Home,General,BrandB,55.03
101,Home,Premium,BrandB,87.89
102,Home,General,BrandC,116.29
103,Sports,Premium,BrandA,98.56
104,electronics,General,BrandB,57.22
105,Electornics,Basic,BrandB,57.9
106,Electornics,General,BrandB,94.55
107,electronics,General,BrandD,37.6
108,electronics,Premium,BrandB,52.25
109,Home,General,BrandA,71.71
110,Electronics,Basic,BrandA,82.48
111,Electronics,Premium,BrandB,91.42
112,Electornics,Basic,BrandD,90.76
113,Electronics,Premium,BrandD,36.69
114,electronics,Basic,BrandD,130.76
115,Electronics,General,BrandB,45.67
116,Electronics,Premium,BrandC,97.91
117,Home,Premium,BrandC,125.88
118,Electornics,General,BrandB,100.9
119,electronics,Premium,BrandD,91.54
120,Home,Basic,BrandB,121.05
121,Home,Basic,BrandC,77.4
122,Electronics,General,BrandA,88.08
123,Home,Basic,BrandD,21.45
124,electronics,General,BrandC,99.14
125,Home,General,BrandC,90.38
126,Home,General,BrandB,96.84
127,Home,Basic,BrandB,94.17
128,Home,General,BrandD,78.52
129,Electronics,Premium,BrandA,96.48
130,Electornics,General,BrandD,87.71
131,Sports,Basic,BrandB,69.39
132,Electornics,General,BrandD,68.96
133,Home,General,BrandD,76.0
134,Sports,Premium,BrandB,171.48
135,Sports,Premium,BrandC,69.42
136,Sports,Basic,BrandD,24.95
137,Electornics,Premium,BrandC,54.15
138,Electornics,Basic,BrandB,83.17
139,electronics,General,BrandA,65.74
140,electronics,Premium,BrandA,76.97
141,Home,General,BrandC,88.38
142,Electronics,Basic,BrandD,72.66
143,Electornics,Premium,BrandB,64.52
144,Sports,General,BrandA,83.67
145,Electornics,Premium,BrandB,55.72
146,electronics,General,BrandC,145.98
147,Electronics,General,BrandA,88.87
148,electronics,General,BrandD,76.48
149,Electronics,Basic,BrandC,104.67
150,Electornics,Basic,BrandB,41.19
151,Home,Basic,BrandD,149.47
152,Home,Premium,BrandB,54.21
153,Home,General,BrandC,104.02
154,Electornics,Premium,BrandC,49.87
155,electronics,General,BrandC,51.54
156,Home,General,BrandC,98.37
157,Sports,Basic,BrandA,94.86
158,Sports,General,BrandD,26.77
159,Electornics,Basic,BrandA,55.77
160,Sports,General,BrandA,65.19
161,Home,General,BrandA,83.04
162,Electronics,Premium,BrandC,68.17
163,Home,Premium,BrandA,106.87
164,Electornics,Basic,BrandC,124.98
165,Electronics,General,BrandB,39.35
166,Home,Basic,BrandB,100.42
167,Home,Premium,BrandD,42.07
168,Sports,Basic,BrandC,17.17
169,Electronics,Premium,BrandD,78.8
170,Home,Premium,BrandB,97.4
171,Electornics,Basic,BrandB,138.11
172,electronics,General,BrandA,76.22
173,Home,General,BrandC,71.94
174,electronics,General,BrandB,87.17
175,Electornics,Premium,BrandA,125.26
176,electronics,Basic,BrandD,93.97
177,Electronics,Premium,BrandA,49.52
178,Home,Premium,BrandB,44.13
179,Home,General,BrandA,163.63
180,Electornics,General,BrandA,89.68
181,Electornics,Basic,BrandD,76.42
182,electronics,Premium,BrandA,39.05
183,Electronics,Basic,BrandC,96.23
184,electronics,Premium,BrandC,185.81
185,electronics,Basic,BrandC,83.12
186,Electornics,Premium,BrandA,74.82
187,Home,Basic,BrandB,118.56
188,Electronics,Premium,BrandA,59.85
189,electronics,Premium,BrandB,41.87
190,Home,Premium,BrandA,77.47
191,Electornics,General,BrandA,72.14
192,Electronics,Premium,BrandD,79.84
193,Electornics,Basic,BrandA,89.63
194,Electornics,Basic,BrandD,106.45
195,Electronics,Basic,BrandD,133.85
196,Sports,Premium,BrandC,77.53
197,Electronics,General,BrandA,75.21
198,electronics,Premium,BrandC,94.07
199,electronics,Premium,BrandA,46.26
200,Sports,Premium,BrandD,49.39
201,Sports,General,BrandD,102.8
202,Sports,Premium,BrandD,74.86
203,electronics,Premium,BrandA,49.5
204,Electronics,General,BrandD,113.79
205,Sports,General,BrandB,78.67
206,Electronics,Basic,BrandB,74.43
207,Sports,Basic,BrandC,92.89
208,electronics,Premium,BrandC,77.99
209,Electronics,Premium,BrandB,58.0
210,Sports,Premium,BrandC,94.51
211,Sports,General,BrandC,67.96
212,Home,Basic,BrandC,32.29
213,Electornics,General,BrandC,125.84
214,electronics,Premium,BrandA,55.53
215,Electornics,General,BrandC,44.24
216,electronics,General,BrandB,48.82
217,Home,General,BrandB,85.76
218,Electornics,Premium,BrandB,70.83
219,Electornics,Premium,BrandC,74.53
220,Home,Premium,BrandC,89.85
221,Home,Premium,BrandD,101.19
222,Home,General,BrandB,86.33
223,electronics,Basic,BrandA,42.97
224,electronics,Basic,BrandD,84.79
225,Home,Premium,BrandD,90.53
226,Home,Basic,BrandA,85.59
227,Electornics,Basic,BrandB,48.41
228,electronics,Basic,BrandC,112.02
229,electronics,General,BrandB,91.31
230,electronics,Basic,BrandC,85.2
231,Electronics,General,BrandC,18.66
232,Home,General,BrandD,62.76
233,Home,Basic,BrandD,94.83
234,Electornics,Premium,BrandC,48.84
235,electronics,General,BrandC,95.22
236,Electornics,Basic,BrandB,53.67
237,Electronics,Basic,BrandC,89.96
238,Electronics,General,BrandD,53.96
239,Electornics,Premium,BrandC,54.37
240,electronics,Basic,BrandA,120.64
241,Sports,Basic,BrandB,101.69
242,Electronics,Premium,BrandC,61.41
243,Sports,Premium,BrandC,49.49
244,Electornics,Basic,BrandD,72.55
245,electronics,General,BrandA,57.08
246,Electronics,General,BrandC,101.88
247,electronics,Premium,BrandC,37.55
248,Electornics,General,BrandC,69.96
249,Home,General,BrandC,54.22
250,Home,Premium,BrandC,74.65
251,Sports,Premium,BrandC,90.54
252,Electornics,General,BrandA,82.0
253,Electronics,Basic,BrandA,84.31
254,Electronics,Basic,BrandB,94.93
255,Electornics,General,BrandB,96.5
256,Sports,Basic,BrandA,53.52
257,Home,Basic,BrandB,113.78
258,Sports,Premium,BrandA,45.08
259,Electronics,Premium,BrandC,103.49
260,Sports,Premium,BrandB,22.89
261,electronics,Premium,BrandB,86.58
262,Home,Premium,BrandD,89.19
263,Electornics,Basic,BrandB,86.31
264,Electornics,Basic,BrandC,63.04
265,Electornics,Premium,BrandA,97.5
266,Electornics,General,BrandD,95.97
267,Electornics,Basic,BrandB,48.55
268,Electornics,General,BrandC,62.0
269,electronics,Premium,BrandA,23.82
270,Sports,General,BrandB,120.04
271,Electornics,General,BrandB,59.81
272,Electornics,General,BrandB,106.02
273,electronics,General,BrandA,77.29
274,Electronics,Basic,BrandB,42.99
275,Sports,Basic,BrandA,80.1
276,Electornics,Basic,BrandB,70.1
277,Electronics,General,BrandB,93.46
278,Electronics,Premium,BrandA,7.97
279,Sports,General,BrandB,45.19
280,electronics,Basic,BrandA,144.05
281,Electornics,Premium,BrandB,100.05
282,Sports,Premium,BrandC,92.69
283,Home,Basic,BrandA,102.99
284,Electronics,Basic,BrandD,113.78
285,electronics,Basic,BrandD,80.86
286,Electronics,General,BrandB,46.48
287,electronics,Basic,BrandC,121.92
288,Electronics,Basic,BrandB,38.43
289,electronics,Premium,BrandA,61.14
290,Sports,Premium,BrandC,88.66
291,Sports,Basic,BrandA,105.89
292,Sports,General,BrandC,84.15
293,Electornics,Premium,BrandB,115.65
294,electronics,General,BrandB,31.76
295,Electornics,General,BrandC,100.47
296,electronics,Basic,BrandD,105.32
297,Home,Premium,BrandC,73.75
298,electronics,Basic,BrandC,67.28
299,Electronics,General,BrandD,98.08
300,Electornics,Basic,BrandD,111.7
301,Home,Basic,BrandA,35.51
302,Electronics,General,BrandD,20.9
303,Sports,Premium,BrandA,78.9
304,Sports,General,BrandB,117.74
305,Sports,Basic,BrandB,57.25
306,electronics,General,BrandD,63.51
307,electronics,General,BrandD,50.4
308,Home,General,BrandB,94.23
309,Sports,General,BrandB,126.72
310,Sports,Premium,BrandA,92.34
311,Sports,Basic,BrandA,13.58
312,Home,General,BrandC,75.31
313,electronics,Premium,BrandD,100.71
314,Sports,Basic,BrandD,77.66
315,Home,General,BrandB,97.72
316,Electronics,General,BrandD,91.1
317,Home,General,BrandB,61.24
318,Electronics,Basic,BrandB,42.45
319,Electornics,General,BrandC,96.19
320,Electornics,Basic,BrandB,2.9
321,Electronics,Premium,BrandC,66.21
322,Electronics,Basic,BrandC,96.58
323,Sports,Premium,BrandC,74.92
324,Home,General,BrandC,78.77
325,Sports,Basic,BrandC,75.91
326,Electronics,Basic,BrandC,79.52
327,electronics,Premium,BrandD,69.68
328,Electornics,General,BrandC,79.27
329,Home,Premium,BrandB,75.28
330,Electornics,General,BrandA,24.78
331,Electronics,Basic,BrandA,86.08
332,Electronics,Premium,BrandB,80.51
333,Home,Basic,BrandC,18.83
334,Sports,Basic,BrandB,70.86
335,Electornics,Premium,BrandC,70.59
336,Electornics,Premium,BrandC,65.03
337,Electornics,Premium,BrandB,94.19
338,Home,Premium,BrandC,138.13
339,Electronics,Basic,BrandB,105.69
340,electronics,Premium,BrandA,107.63
341,Sports,Basic,BrandB,27.76
342,Electornics,Basic,BrandC,64.36
343,Sports,Basic,BrandD,140.99
344,Sports,General,BrandD,64.34
345,Electronics,General,BrandC,113.57
346,Home,Premium,BrandB,107.85
347,electronics,Basic,BrandB,124.71
348,Electronics,General,BrandA,99.63
349,electronics,Basic,BrandD,36.46
350,Sports,General,BrandC,90.82
351,Home,Premium,BrandA,78.92
352,Home,General,BrandD,80.24
353,electronics,Premium,BrandA,80.47
354,Electronics,Basic,BrandA,36.93
355,Sports,Premium,BrandB,82.95
356,electronics,General,BrandB,88.88
357,Sports,General,BrandC,83.97
358,Home,Premium,BrandA,1.09
359,Electronics,Basic,BrandA,100.69
360,Sports,Basic,BrandA,108.71
361,electronics,Premium,BrandC,102.64
362,Electornics,Premium,BrandC,33.52
363,Sports,Premium,BrandA,35.18
364,Home,Premium,BrandA,53.49
365,Home,General,BrandA,94.74
366,Sports,General,BrandD,96.67
367,electronics,General,BrandD,75.85
368,Electornics,Premium,BrandC,110.98
369,Sports,Basic,BrandB,90.51
370,Electornics,Basic,BrandD,64.84
371,electronics,Basic,BrandB,119.46
372,Electronics,Basic,BrandA,79.86
373,Home,General,BrandC,85.29
374,electronics,General,BrandB,75.37
375,Electornics,General,BrandD,70.42
376,electronics,Premium,BrandC,140.51
377,Electronics,Basic,BrandB,91.99
378,Home,General,BrandD,57.24
379,electronics,General,BrandD,-9.28
380,Home,Premium,BrandB,98.31
381,electronics,General,BrandA,28.82
382,Electronics,Premium,BrandD,92.96
383,electronics,Premium,BrandB,66.8
384,Electornics,Premium,BrandB,102.2
385,Electornics,General,BrandD,84.85
386,electronics,Basic,BrandC,25.39
387,Home,Premium,BrandA,59.0
388,Home,Basic,BrandA,84.81
389,Sports,Premium,BrandC,39.47
390,Sports,General,BrandB,91.97
391,Home,General,BrandD,162.64
392,Electornics,Basic,BrandB,105.28
393,Electornics,General,BrandB,75.13
394,Electornics,General,BrandD,110.24
395,Electornics,Premium,BrandD,42.77
396,Home,Basic,BrandB,90.5
397,electronics,Premium,BrandD,16.29
398,Sports,General,BrandA,45.0
399,Home,General,BrandD,132.18
400,electronics,General,BrandB,60.5
401,electronics,General,BrandC,31.17
402,Electornics,Premium,BrandA,56.07
403,Electronics,Premium,BrandB,108.46
404,Electronics,Basic,BrandA,82.65
405,Electronics,Premium,BrandC,55.69
406,Home,Basic,BrandD,74.07
407,electronics,Basic,BrandB,67.42
408,electronics,Basic,BrandB,92.66
409,electronics,General,BrandD,128.83
410,Sports,Basic,BrandC,134.18
411,Home,Premium,BrandD,88.44
412,Home,General,BrandB,61.06
413,electronics,Premium,BrandA,77.26
414,Electronics,General,BrandD,45.3
415,electronics,Basic,BrandD,102.28
416,Home,General,BrandB,21.24
417,Sports,Premium,BrandD,121.57
418,Home,Basic,BrandD,93.65
419,Sports,General,BrandC,59.0
420,Electornics,Basic,BrandB,130.91
421,Electronics,Basic,BrandB,56.38
422,Home,Premium,BrandC,115.96
423,Electornics,Premium,BrandB,59.96
424,Home,Basic,BrandB,104.51
425,Electronics,General,BrandC,52.78
426,Home,Premium,BrandA,119.07
427,Home,General,BrandB,18.04
428,electronics,Basic,BrandB,43.68
429,Electronics,Basic,BrandC,112.38
430,Home,General,BrandD,123.86
431,Sports,Basic,BrandC,75.58
432,Electornics,General,BrandB,94.59
433,Home,Premium,BrandD,116.92
434,Home,Premium,BrandD,77.08
435,Electronics,Basic,BrandC,84.94
436,Electronics,Premium,BrandC,103.94
437,Home,Premium,BrandC,72.45
438,Sports,Basic,BrandA,77.04
439,Electronics,Premium,BrandA,96.48
440,Electronics,General,BrandB,70.62
441,Home,General,BrandC,92.51
442,electronics,General,BrandA,130.71
443,electronics,General,BrandA,107.71
444,Home,Premium,BrandB,19.72
445,electronics,Basic,BrandD,51.08
446,electronics,General,BrandD,84.94
447,Home,Basic,BrandA,93.74
448,Sports,Premium,BrandA,83.74
449,Electronics,Premium,BrandD,110.25
450,electronics,General,BrandA,42.74
451,Home,Premium,BrandA,106.98
452,electronics,Basic,BrandA,97.27
453,Sports,Basic,BrandB,68.87
454,Sports,Basic,BrandA,70.12
455,Sports,Premium,BrandD,5.98
456,Home,Premium,BrandB,100.78
457,Home,Premium,BrandD,72.6
458,Electronics,Premium,BrandC,51.54
459,Electornics,General,BrandA,100.2
460,electronics,Premium,BrandD,40.13
461,Electronics,General,BrandB,17.14
462,Home,Premium,BrandB,39.92
463,Electronics,Premium,BrandA,145.38
464,Home,General,BrandD,118.05
465,Sports,General,BrandD,65.57
466,electronics,Basic,BrandC,-15.96
467,Electronics,Basic,BrandD,52.93
468,Home,General,BrandB,94.08
469,Electronics,Premium,BrandB,58.5
470,Electornics,Basic,BrandC,72.69
471,electronics,General,BrandC,85.23
472,Electronics,Premium,BrandD,116.0
473,Sports,General,BrandB,80.99
474,Home,Basic,BrandB,123.2
475,Home,Basic,BrandD,159.51
476,Sports,Premium,BrandD,75.08
477,Sports,General,BrandC,105.42
478,Electronics,General,BrandC,115.1
479,Electronics,General,BrandD,159.15
480,Sports,Basic,BrandD,123.44
481,Home,General,BrandB,45.94
482,Sports,Basic,BrandA,72.9
483,Electronics,Premium,BrandC,101.57
484,electronics,Premium,BrandA,79.29
485,Home,General,BrandA,79.76
486,Home,Premium,BrandD,86.73
487,Electronics,General,BrandA,69.15
488,electronics,General,BrandA,105.89
489,Electornics,Basic,BrandB,98.9
490,Electronics,Premium,BrandC,139.16
491,Sports,Basic,BrandA,76.33
492,electronics,General,BrandD,56.17
493,Electornics,Basic,BrandD,59.28
494,Sports,General,BrandD,50.3
495,Home,General,BrandD,54.21
496,Sports,Basic,BrandB,149.25
497,Home,Premium,BrandA,52.67
498,Electornics,Premium,BrandC,47.88
499,Electornics,Premium,BrandC,118.15
500,Electronics,Premium,BrandD,121.05
501,electronics,General,BrandC,89.51
502,electronics,General,BrandB,102.75
503,electronics,Premium,BrandC,66.56
504,electronics,General,BrandD,70.15
505,Sports,Basic,BrandB,47.39
506,Sports,Premium,BrandA,110.25
507,electronics,Basic,BrandD,93.83
508,Home,Premium,BrandA,68.57
509,electronics,General,BrandA,120.58
510,Home,Premium,BrandA,84.28
511,electronics,General,BrandC,42.87
512,Electronics,Basic,BrandD,109.57
513,electronics,General,BrandD,85.58
514,Electronics,General,BrandA,27.93
515,electronics,Premium,BrandC,70.17
516,electronics,Premium,BrandA,37.58
517,Electornics,General,BrandD,86.87
518,Electornics,General,BrandB,96.18
519,Electronics,Premium,BrandA,85.26
520,Sports,Basic,BrandD,7.54
521,Electornics,General,BrandA,113.69
522,electronics,Basic,BrandD,65.25
523,Electronics,Basic,BrandD,114.1
524,Electronics,Premium,BrandA,84.63
525,Sports,Premium,BrandB,110.94
526,Home,Premium,BrandD,39.97
527,electronics,General,BrandC,100.84
528,Electornics,General,BrandD,94.72
529,electronics,Premium,BrandA,128.8
530,Home,Basic,BrandB,53.66
531,Sports,Basic,BrandB,92.39
532,Home,General,BrandD,110.67
533,electronics,Premium,BrandC,82.92
534,Electronics,Premium,BrandC,79.59
535,Home,Premium,BrandA,42.31
536,Electornics,Premium,BrandB,72.17
537,Sports,General,BrandD,36.02
538,Sports,Basic,BrandA,115.39
539,Home,Premium,BrandA,22.76
540,Electronics,General,BrandA,114.59
541,Sports,Basic,BrandA,113.34
542,electronics,Basic,BrandD,131.86
543,Sports,General,BrandB,76.45
544,Electornics,Premium,BrandB,70.09
545,Sports,Premium,BrandD,55.88
546,Home,Premium,BrandA,97.69
547,Home,General,BrandA,105.56
548,Home,Basic,BrandA,101.51
549,Electornics,Basic,BrandD,88.57
550,electronics,Basic,BrandA,100.86
551,Sports,Premium,BrandD,72.64
552,Sports,Premium,BrandB,51.84
553,Home,Basic,BrandA,43.21
554,Electronics,Basic,BrandA,52.52
555,Electronics,General,BrandC,75.89
556,Electornics,General,BrandB,41.82
557,Electornics,General,BrandD,130.96
558,Sports,General,BrandA,73.87
559,Home,Basic,BrandA,57.32
560,electronics,Premium,BrandA,35.61
561,Sports,Basic,BrandC,103.03
562,Electronics,General,BrandD,91.62
563,Home,General,BrandA,106.33
564,electronics,Premium,BrandD,70.14
565,Electronics,Premium,BrandC,59.07
566,Home,Basic,BrandA,53.67
567,Home,Basic,BrandD,22.85
568,Home,Basic,BrandD,115.78
569,Sports,Premium,BrandA,70.12
570,electronics,Premium,BrandA,78.38
571,Sports,Premium,BrandA,60.02
572,Electronics,Premium,BrandD,100.56
573,Sports,Basic,BrandB,116.08
574,Sports,Basic,BrandC,88.62
575,electronics,General,BrandC,49.34
576,Sports,Basic,BrandA,109.15
577,Electronics,Premium,BrandA,97.54
578,electronics,Premium,BrandA,109.94
579,Electronics,Premium,BrandB,27.83
580,Electornics,General,BrandD,23.1
581,Sports,Premium,BrandC,92.75
582,Sports,General,BrandD,104.79
583,Electronics,Basic,BrandD,75.52
584,Electornics,General,BrandB,53.7
585,Sports,General,BrandA,57.77
586,electronics,Basic,BrandD,84.14
587,Home,General,BrandA,70.19
588,Sports,General,BrandA,69.8
589,Electronics,General,BrandC,77.25
590,electronics,Premium,BrandA,73.12
591,Home,Basic,BrandB,90.86
592,electronics,Premium,BrandD,84.16
593,Electronics,Premium,BrandA,87.65
594,Electornics,General,BrandB,63.19
595,Home,Premium,BrandC,56.75
596,Electronics,General,BrandD,82.34
597,Electornics,Premium,BrandB,36.92
598,electronics,Premium,BrandC,93.06
599,Electronics,Basic,BrandC,122.78
600,Electornics,Basic,BrandD,64.26
601,electronics,Basic,BrandD,104.73
602,Sports,General,BrandC,89.95
603,Home,General,BrandA,66.45
604,Sports,Premium,BrandA,103.87
605,Electronics,Premium,BrandA,80.77
606,Electornics,Premium,BrandB,104.73
607,Electornics,Basic,BrandA,54.03
608,Home,Basic,BrandC,85.22
609,Sports,Premium,BrandC,100.45
610,Electronics,Premium,BrandB,89.72
611,Electronics,General,BrandB,89.89
612,Sports,General,BrandC,101.95
613,Sports,General,BrandB,112.48
614,Sports,General,BrandB,79.08
615,Electronics,Premium,BrandD,115.15
616,electronics,Premium,BrandD,54.37
617,Electornics,General,BrandD,132.17
618,electronics,Premium,BrandC,93.86
619,Sports,General,BrandA,50.7
620,Sports,Premium,BrandD,56.71
621,Electornics,Premium,BrandA,125.86
622,Home,Premium,BrandB,80.46
623,electronics,Premium,BrandB,46.67
624,Sports,General,BrandB,50.45
625,Electornics,Basic,BrandC,113.35
626,Sports,General,BrandD,139.17
627,Electronics,Premium,BrandB,70.05
628,Electornics,Premium,BrandA,63.25
629,Electornics,Basic,BrandB,121.97
630,Electornics,Premium,BrandD,88.31
631,Electronics,General,BrandD,72.61
632,Home,Basic,BrandC,51.05
633,Sports,Premium,BrandC,101.06
634,Sports,Basic,BrandD,107.5
635,Home,General,BrandA,104.63
636,Home,General,BrandA,126.63
637,Sports,Premium,BrandA,74.54
638,Home,Basic,BrandA,51.0
639,Sports,General,BrandC,90.9
640,Sports,Basic,BrandA,73.89
641,Sports,Premium,BrandA,113.11
642,Home,Premium,BrandD,74.49
643,Electornics,General,BrandC,60.7
644,Home,Premium,BrandB,42.62
645,Electronics,Basic,BrandA,68.77
646,Sports,Premium,BrandA,58.12
647,Electornics,Basic,BrandB,100.09
648,electronics,Premium,BrandD,78.87
649,Electornics,Premium,BrandD,126.79
650,Electronics,Basic,BrandB,51.88
651,Electornics,General,BrandB,90.68
652,Home,General,BrandB,75.63
653,Electornics,Premium,BrandD,82.38
654,Electronics,General,BrandD,92.94
655,Home,Premium,BrandB,84.95
656,electronics,Basic,BrandB,79.24
657,Electronics,General,BrandB,120.82
658,electronics,General,BrandD,68.09
659,Sports,Basic,BrandA,82.05
660,Sports,Basic,BrandB,47.38
661,Electornics,Basic,BrandD,110.94
662,Sports,General,BrandA,81.92
663,Sports,General,BrandA,78.5
664,Home,General,BrandA,68.71
665,Electronics,Basic,BrandC,128.14
666,Sports,Premium,BrandB,61.31
667,Electornics,General,BrandA,91.63
668,Home,Premium,BrandB,72.86
669,Sports,Premium,BrandC,50.43
670,electronics,Basic,BrandA,97.23
671,Home,Basic,BrandC,82.71
672,Sports,Basic,BrandA,85.59
673,electronics,General,BrandD,86.4
674,Electronics,Basic,BrandC,88.12
675,Electronics,General,BrandC,134.27
676,Electronics,Basic,BrandA,92.81
677,Electornics,General,BrandC,54.26
678,Sports,General,BrandA,108.72
679,Home,Premium,BrandA,56.64
680,electronics,Basic,BrandD,53.42
681,Electronics,Premium,BrandA,139.47
682,electronics,Premium,BrandB,44.14
683,electronics,General,BrandC,63.62
684,electronics,Premium,BrandB,61.87
685,Home,Basic,BrandB,2.29
686,Electronics,General,BrandC,119.88
687,electronics,Basic,BrandD,50.6
688,Electornics,General,BrandD,68.62
689,Home,Premium,BrandB,68.58
690,Electornics,Basic,BrandB,88.86
691,Sports,Premium,BrandB,90.07
692,electronics,Premium,BrandC,81.33
693,Electornics,Premium,BrandC,74.31
694,Sports,General,BrandA,34.25
695,Electornics,Basic,BrandA,105.87
696,Home,Basic,BrandB,45.54
697,Electornics,General,BrandC,44.57
698,Electornics,Basic,BrandB,93.19
699,electronics,Premium,BrandD,59.95
700,Electronics,General,BrandC,120.19
701,Home,Premium,BrandC,38.33
702,Sports,Premium,BrandA,82.47
703,Electronics,Premium,BrandC,40.67
704,electronics,Basic,BrandA,82.57
705,Sports,Basic,BrandC,86.74
706,electronics,Basic,BrandD,99.71
707,electronics,Premium,BrandB,46.97
708,Electornics,Basic,BrandB,5.04
709,Sports,Basic,BrandD,76.16
710,Electronics,General,BrandA,62.19
711,Home,Premium,BrandC,28.62
712,Electornics,Premium,BrandC,69.51
713,Home,Premium,BrandA,57.43
714,electronics,General,BrandD,113.13
715,Home,General,BrandA,60.71
716,Sports,Basic,BrandD,94.79
717,Electornics,Premium,BrandC,68.37
718,Electornics,Premium,BrandC,32.81
719,Sports,Basic,BrandD,-13.39
720,Electronics,Basic,BrandD,116.48
721,Sports,Basic,BrandD,34.41
722,Sports,Premium,BrandB,72.09
723,Sports,General,BrandC,87.3
724,Electronics,General,BrandA,100.18
725,Home,Premium,BrandD,75.86
726,Electronics,Premium,BrandB,77.22
727,electronics,Premium,BrandB,118.38
728,Electornics,Premium,BrandD,81.3
729,Electornics,Basic,BrandC,151.52
730,Sports,General,BrandD,66.71
731,Electornics,Basic,BrandC,58.38
732,Sports,General,BrandC,87.77
733,Electronics,Basic,BrandB,93.32
734,Sports,Premium,BrandA,43.56
735,Electornics,Basic,BrandB,66.97
736,Sports,Premium,BrandD,59.26
737,Home,Basic,BrandC,46.56
738,Home,Basic,BrandA,68.45
739,electronics,Basic,BrandC,67.06
740,Electornics,General,BrandD,74.39
741,electronics,Premium,BrandA,56.69
742,Sports,Basic,BrandC,31.72
743,Electornics,General,BrandB,99.45
744,Sports,Basic,BrandD,78.97
745,Sports,Premium,BrandC,49.5
746,Electornics,Basic,BrandA,63.31
747,Sports,General,BrandC,91.06
748,Home,Premium,BrandA,75.1
749,Sports,Basic,BrandC,57.06
750,Sports,Premium,BrandA,78.07
751,Sports,Basic,BrandC,82.43
752,Electronics,Premium,BrandC,107.64
753,electronics,Basic,BrandD,44.11
754,electronics,Premium,BrandA,67.5
755,Home,Premium,BrandC,90.66
756,Electronics,General,BrandD,101.28
757,Electornics,Basic,BrandD,40.75
758,Electornics,General,BrandB,58.52
759,Sports,General,BrandC,73.1
760,Electronics,Basic,BrandA,100.82
761,Electornics,Premium,BrandC,53.12
762,electronics,General,BrandA,86.53
763,electronics,Basic,BrandA,82.51
764,Home,Premium,BrandD,81.14
765,Electronics,Basic,BrandA,20.43
766,Home,General,BrandB,54.49
767,Home,Basic,BrandB,88.0
768,electronics,General,BrandD,97.64
769,Electronics,Basic,BrandB,110.85
770,Electronics,General,BrandD,78.54
771,electronics,General,BrandC,79.17
772,Electronics,Basic,BrandA,95.76
773,Home,Basic,BrandB,111.21
774,Sports,Basic,BrandA,35.51
775,Electronics,Premium,BrandC,83.08
776,electronics,Premium,BrandA,31.22
777,Electornics,General,BrandB,35.78
778,Electornics,Basic,BrandD,93.21
779,Electronics,General,BrandB,81.04
780,Electornics,Basic,BrandA,48.0
781,Electronics,Basic,BrandC,72.87
782,Home,Premium,BrandD,93.19
783,Electornics,General,BrandD,62.32
784,Home,Premium,BrandC,72.22
785,Sports,Premium,BrandC,77.96
786,Electronics,Basic,BrandD,58.77
787,electronics,Basic,BrandD,82.76
788,Sports,Basic,BrandC,138.27
789,electronics,General,BrandA,15.71
790,Electronics,Basic,BrandA,91.57
791,Electornics,General,BrandA,74.72
792,Sports,General,BrandA,82.74
793,Sports,General,BrandD,11.58
794,Home,General,BrandB,77.02
795,Sports,Premium,BrandD,65.47
796,Home,General,BrandB,130.75
797,electronics,General,BrandA,117.54
798,Sports,General,BrandC,105.45
799,Home,General,BrandD,61.53
800,Electronics,Premium,BrandD,86.53
801,Electronics,Premium,BrandC,71.07
802,Sports,General,BrandA,41.05
803,Electornics,Basic,BrandC,80.26
804,Electronics,Basic,BrandC,50.4
805,Electronics,General,BrandA,84.28
806,Electornics,Basic,BrandD,40.41
807,Electronics,General,BrandB,85.32
808,Electornics,Basic,BrandA,4.87
809,electronics,Basic,BrandC,56.27
810,Electornics,Basic,BrandB,78.94
811,Electronics,Basic,BrandD,118.27
812,electronics,General,BrandA,48.15
813,Sports,General,BrandD,120.16
814,electronics,Basic,BrandD,55.03
815,Home,Basic,BrandA,126.78
816,Electornics,Basic,BrandA,54.13
817,Home,Premium,BrandC,93.41
818,Home,Premium,BrandB,77.65
819,Sports,Premium,BrandC,128.91
820,Electornics,General,BrandC,79.43
821,Electornics,Premium,BrandD,74.46
822,Electronics,Premium,BrandC,50.14
823,Sports,General,BrandA,69.35
824,Sports,General,BrandC,79.15
825,Electornics,Premium,BrandD,73.77
826,Electronics,Premium,BrandB,73.49
827,Home,General,BrandD,101.09
828,electronics,General,BrandA,31.72
829,electronics,Basic,BrandD,71.8
830,Electornics,Premium,BrandC,87.83
831,Electronics,Basic,BrandC,134.29
832,Sports,Premium,BrandD,144.14
833,Electronics,General,BrandD,106.94
834,Electronics,Premium,BrandB,91.58
835,Sports,Premium,BrandB,113.92
836,Electornics,Basic,BrandC,63.76
837,Home,Premium,BrandD,18.56
838,Electornics,Basic,BrandD,66.84
839,Electornics,Premium,BrandA,124.59
840,Electronics,Premium,BrandC,66.24
841,electronics,General,BrandD,39.74
842,electronics,General,BrandB,96.46
843,Electronics,Premium,BrandA,40.32
844,Home,General,BrandD,93.18
845,Electronics,Premium,BrandB,44.71
846,Sports,General,BrandC,93.23
847,electronics,Premium,BrandC,121.89
848,Electornics,Premium,BrandC,68.63
849,Electornics,Premium,BrandD,79.23
850,Electornics,Basic,BrandA,54.02
851,Sports,General,BrandB,140.87
852,Electornics,Basic,BrandA,66.06
853,Electornics,Premium,BrandD,15.24
854,Electronics,Premium,BrandB,66.46
855,Electronics,General,BrandD,87.36
856,Electronics,Premium,BrandB,118.18
857,electronics,General,BrandA,107.05
858,Electornics,Basic,BrandA,104.79
859,Sports,Basic,BrandC,130.98
860,Electronics,General,BrandA,82.43
861,Electronics,Premium,BrandA,65.09
862,Electornics,General,BrandC,128.69
863,Electornics,Basic,BrandB,107.33
864,electronics,Premium,BrandC,105.71
865,Home,Basic,BrandD,54.47
866,Electronics,Premium,BrandC,114.95
867,electronics,General,BrandD,73.13
868,Sports,Basic,BrandD,28.41
869,electronics,General,BrandA,67.8
870,Home,General,BrandA,109.39
871,Sports,Basic,BrandB,86.38
872,Sports,Basic,BrandA,113.7
873,Sports,Premium,BrandC,31.7
874,electronics,Basic,BrandA,84.46
875,electronics,General,BrandA,49.24
876,Sports,General,BrandC,143.37
877,Sports,Basic,BrandC,108.23
878,electronics,Basic,BrandD,74.86
879,Sports,General,BrandA,83.97
880,electronics,General,BrandA,69.39
881,Sports,Premium,BrandC,105.38
882,Electronics,Premium,BrandD,40.91
883,Home,Premium,BrandA,54.22
884,electronics,Basic,BrandA,88.37
885,Electronics,Basic,BrandA,-16.97
886,Electronics,General,BrandD,6.99
887,electronics,Premium,BrandC,80.97
888,electronics,Basic,BrandD,104.71
889,Electornics,Premium,BrandD,74.8
890,electronics,General,BrandD,57.85
891,Sports,Premium,BrandA,29.12
892,electronics,Basic,BrandC,104.87
893,Electronics,Basic,BrandD,84.45
894,Home,General,BrandC,59.59
895,Home,General,BrandB,79.1
896,Electronics,Premium,BrandB,104.28
897,Electronics,General,BrandD,116.26
898,electronics,Basic,BrandA,73.95
899,Sports,Premium,BrandA,69.83
900,Sports,General,BrandD,16.91
901,Electronics,General,BrandD,165.99
902,Sports,General,BrandB,98.64
903,Electornics,Basic,BrandC,105.92
904,Home,General,BrandB,64.47
905,electronics,Basic,BrandA,48.52
906,Electornics,Premium,BrandA,76.33
907,electronics,General,BrandA,56.06
908,Home,Premium,BrandA,65.66
909,Home,Premium,BrandA,67.99
910,electronics,General,BrandA,39.91
911,Electornics,General,BrandC,107.45
912,Home,General,BrandD,122.88
913,Electornics,General,BrandB,168.02
914,Electronics,Basic,BrandD,59.07
915,Electornics,Basic,BrandD,59.76
916,Home,Premium,BrandA,82.65
917,Electronics,General,BrandA,130.24
918,electronics,Basic,BrandC,73.21
919,Electornics,Premium,BrandA,38.5
920,Electornics,Premium,BrandA,80.87
921,Sports,General,BrandA,104.82
922,Home,Basic,BrandC,63.8
923,Home,Basic,BrandD,120.74
924,electronics,Premium,BrandD,108.89
925,Sports,Basic,BrandC,97.36
926,Electornics,Premium,BrandC,44.43
927,Home,Premium,BrandB,48.69
928,Electronics,Basic,BrandD,89.04
929,electronics,General,BrandC,110.97
930,Sports,Basic,BrandC,34.04
931,Home,Premium,BrandC,108.09
932,Electornics,Premium,BrandC,100.66
933,Electronics,General,BrandB,98.06
934,Electronics,Basic,BrandD,64.4
935,Sports,Premium,BrandA,44.53
936,electronics,Basic,BrandA,19.09
937,electronics,Premium,BrandB,89.29
938,Electronics,General,BrandA,50.53
939,Sports,General,BrandD,116.27
940,Sports,Basic,BrandA,109.05
941,Home,Premium,BrandA,165.32
942,Home,General,BrandC,96.08
943,Electornics,General,BrandD,88.65
944,Electornics,Premium,BrandB,120.88
945,Sports,Premium,BrandB,82.19
946,Electronics,Basic,BrandA,66.06
947,electronics,Premium,BrandD,68.77
948,Sports,General,BrandA,82.7
949,Electornics,General,BrandB,45.62
950,Sports,General,BrandC,33.58
951,Electronics,Basic,BrandA,130.03
952,Electronics,Premium,BrandD,88.84
953,Home,Basic,BrandD,53.75
954,Electronics,Basic,BrandB,94.43
955,Electronics,Premium,BrandA,98.28
956,Electornics,Basic,BrandD,58.73
957,Home,Premium,BrandA,35.58
958,electronics,Premium,BrandA,50.27
959,Electronics,General,BrandB,88.3
960,electronics,Premium,BrandA,38.85
961,Home,General,BrandD,91.45
962,Sports,Premium,BrandA,83.58
963,Electornics,Basic,BrandD,77.2
964,Home,Basic,BrandA,110.7
965,Sports,Basic,BrandB,36.29
966,Electornics,Premium,BrandD,68.34
967,Electornics,Basic,BrandD,102.21
968,Electronics,General,BrandD,46.25
969,Home,Premium,BrandB,95.15
970,Electornics,Premium,BrandA,122.2
971,Sports,General,BrandD,49.2
972,Home,Basic,BrandA,76.12
973,Sports,General,BrandD,113.54
974,Electornics,Basic,BrandB,63.11
975,Electornics,General,BrandB,126.71
976,Electronics,General,BrandD,77.05
977,Sports,Basic,BrandD,100.8
978,Electornics,General,BrandA,65.87
979,Sports,Basic,BrandC,54.64
980,Electronics,General,BrandD,65.54
981,Home,Basic,BrandB,65.28
982,Electornics,Basic,BrandA,31.68
983,Home,Premium,BrandA,76.49
984,Home,Basic,BrandC,78.49
985,Sports,Premium,BrandA,26.38
986,Electronics,General,BrandA,55.04
987,Electornics,Basic,BrandA,63.36
988,Electornics,Premium,BrandD,85.76
989,Electronics,Basic,BrandC,65.65
990,Sports,General,BrandA,37.36
991,Electornics,General,BrandC,90.1
992,Sports,General,BrandC,19.78
993,Electornics,General,BrandA,121.7
994,Home,Premium,BrandC,54.49
995,Home,General,BrandA,78.06
996,Electronics,Basic,BrandC,53.71
997,Electronics,Premium,BrandA,108.75
998,Home,General,BrandB,121.75
999,Sports,Basic,BrandC,153.28
1000,Electronics,Basic,BrandB,84.71
1001,Electornics,Premium,BrandA,53.64
1002,Electronics,Basic,BrandD,30.89
1003,Electronics,General,BrandB,91.41
1004,Electornics,Basic,BrandC,67.86
1005,Electornics,General,BrandB,68.8
1006,Electornics,Premium,BrandD,107.23
1007,Electornics,Premium,BrandA,11.75
1008,Electronics,Basic,BrandA,36.93
1009,Electronics,General,BrandA,104.79
1010,Electronics,Basic,BrandD,78.24
1011,electronics,General,BrandB,130.94
1012,Electornics,Basic,BrandD,60.94
1013,Electornics,General,BrandB,94.4
1014,Sports,Premium,BrandC,79.39
1015,Home,Premium,BrandD,163.76
1016,Home,Premium,BrandA,75.28
1017,Home,General,BrandD,80.5
1018,Home,General,BrandD,106.66
1019,Home,Basic,BrandA,106.01
1020,Electronics,General,BrandB,75.85
1021,electronics,Basic,BrandC,44.21
1022,Electornics,Basic,BrandC,41.48
1023,Home,Basic,BrandA,105.67
1024,electronics,Premium,BrandD,106.0
1025,Home,General,BrandB,60.97
1026,Sports,Premium,BrandC,109.67
1027,Sports,Basic,BrandD,86.79
1028,Home,Basic,BrandB,102.77
1029,Home,Premium,BrandB,100.02
1030,Sports,Premium,BrandA,21.71
1031,Sports,Premium,BrandD,109.11
1032,electronics,Premium,BrandC,99.31
1033,Electronics,General,BrandB,99.4
1034,Home,General,BrandA,16.39
1035,Electronics,Premium,BrandB,82.34
1036,Sports,Basic,BrandC,56.07
1037,electronics,General,BrandB,58.06
1038,Home,Premium,BrandD,71.21
1039,Electornics,Basic,BrandB,90.04
1040,Electornics,Basic,BrandD,76.76
1041,Electronics,Premium,BrandC,53.38
1042,Home,Basic,BrandB,99.53
1043,electronics,Basic,BrandA,64.54
1044,Electronics,Premium,BrandD,114.85
1045,Electronics,Premium,BrandD,68.32
1046,Electornics,General,BrandB,74.76
1047,Home,General,BrandD,92.69
1048,Electronics,Premium,BrandB,87.35
1049,Sports,Basic,BrandC,86.46
1050,Electronics,Premium,BrandD,32.18
1051,Sports,Basic,BrandD,113.93
1052,electronics,Basic,BrandB,58.4
1053,Electornics,General,BrandA,122.61
1054,Electornics,Basic,BrandD,94.07
1055,Home,Basic,BrandD,75.91
1056,Electornics,General,BrandB,139.7
1057,electronics,Basic,BrandA,85.59
1058,Electronics,Basic,BrandD,74.36
1059,Sports,General,BrandB,44.26
1060,Sports,General,BrandA,79.99
1061,electronics,Basic,BrandC,33.3
1062,Sports,Basic,BrandB,75.33
1063,Electronics,Premium,BrandC,100.92
1064,Electornics,Premium,BrandD,70.29
1065,Sports,Basic,BrandA,78.09
1066,Sports,Premium,BrandA,34.51
1067,Home,Basic,BrandD,73.39
1068,Sports,Basic,BrandA,105.96
1069,Electronics,General,BrandC,94.99
1070,Home,Basic,BrandB,106.05
1071,electronics,Premium,BrandB,76.25
1072,electronics,General,BrandD,90.16
1073,Electronics,Basic,BrandC,71.2
1074,Sports,Premium,BrandC,42.59
1075,Home,General,BrandB,121.09
1076,Home,General,BrandC,119.76
1077,Electronics,General,BrandB,94.34
1078,electronics,Premium,BrandB,75.03
1079,Electronics,General,BrandA,56.15
1080,electronics,Premium,BrandC,124.55
1081,electronics,General,BrandD,70.35
1082,Home,Premium,BrandD,120.8
1083,Electronics,General,BrandC,53.39
1084,Electronics,General,BrandC,66.11
1085,electronics,General,BrandB,129.35
1086,electronics,Basic,BrandB,90.1
1087,electronics,General,BrandA,92.95
1088,Electronics,Premium,BrandB,92.65
1089,Sports,General,BrandD,51.4
1090,Electornics,Premium,BrandA,121.88
1091,Electronics,Premium,BrandC,104.32
1092,Sports,Basic,BrandC,98.65
1093,electronics,Premium,BrandB,103.19
1094,electronics,General,BrandA,109.31
1095,electronics,General,BrandA,59.19
1096,Sports,Premium,BrandD,53.0
1097,Electronics,General,BrandB,56.51
1098,Home,General,BrandA,90.29
1099,electronics,Premium,BrandD,106.35
1100,Home,Premium,BrandD,63.18
1101,Home,Basic,BrandB,66.09
1102,Home,Basic,BrandB,105.27
1103,Sports,Premium,BrandC,136.49
1104,Home,Basic,BrandB,98.79
1105,Home,General,BrandB,125.24
1106,Electornics,General,BrandA,114.15
1107,Electronics,Premium,BrandA,42.09
1108,electronics,General,BrandA,45.93
1109,electronics,General,BrandD,96.6
1110,Sports,Basic,BrandC,-0.89
1111,Electornics,Basic,BrandD,81.4
1112,Electronics,General,BrandD,69.19
1113,electronics,Premium,BrandC,54.41
1114,Electronics,Premium,BrandB,38.64
1115,Sports,General,BrandA,111.63
1116,Electornics,Basic,BrandA,71.43
1117,Sports,General,BrandA,137.88
1118,Electronics,Basic,BrandC,69.57
1119,Electornics,Premium,BrandA,76.15
1120,Home,Basic,BrandA,96.85
1121,Home,General,BrandA,74.7
1122,Sports,General,BrandC,101.17
1123,Electornics,Basic,BrandC,111.63
1124,electronics,Premium,BrandC,103.2
1125,Electornics,Basic,BrandB,65.28
1126,Electornics,General,BrandD,63.97
1127,electronics,Basic,BrandA,72.23
1128,Electornics,Premium,BrandC,92.17
1129,electronics,Premium,BrandC,73.65
1130,Sports,General,BrandB,86.7
1131,Electornics,General,BrandD,97.19
1132,electronics,General,BrandA,119.54
1133,Sports,Basic,BrandB,53.72
1134,Electronics,Premium,BrandD,136.68
1135,Electornics,General,BrandD,59.95
1136,Electornics,Premium,BrandD,50.56
1137,Home,Basic,BrandB,89.59
1138,Sports,Basic,BrandC,123.59
1139,Electornics,General,BrandD,59.95
1140,Home,General,BrandA,72.26
1141,Sports,Premium,BrandB,68.78
1142,electronics,Basic,BrandD,149.08
1143,Home,Premium,BrandC,76.94
1144,electronics,Basic,BrandD,62.95
1145,Electronics,Premium,BrandB,81.25
1146,Electronics,Basic,BrandB,132.98
1147,Sports,Basic,BrandA,122.29
1148,Electronics,General,BrandB,94.46
1149,Electronics,General,BrandC,56.45
1150,Home,Premium,BrandC,92.31
1151,Sports,Basic,BrandC,64.01
1152,Sports,Premium,BrandA,112.9
1153,electronics,Premium,BrandD,84.59
1154,Electornics,Premium,BrandB,50.03
1155,electronics,General,BrandC,110.6
1156,Sports,Premium,BrandD,149.24
1157,Electronics,General,BrandB,60.34
1158,Home,General,BrandD,131.49
1159,Home,Premium,BrandB,110.04
1160,electronics,Basic,BrandD,74.91
1161,Electronics,General,BrandA,46.76
1162,Electronics,Basic,BrandB,67.26
1163,electronics,Premium,BrandD,59.12
1164,Sports,General,BrandC,64.05
1165,electronics,General,BrandC,138.47
1166,Home,Basic,BrandC,124.87
1167,Sports,Premium,BrandD,97.89
1168,Electronics,General,BrandC,118.81
1169,electronics,Basic,BrandC,91.87
1170,Electornics,Basic,BrandC,69.39
1171,Electronics,Premium,BrandC,108.38
1172,Home,Basic,BrandA,106.01
1173,Sports,Premium,BrandA,67.05
1174,electronics,Basic,BrandA,82.76
1175,Home,Premium,BrandC,76.33
1176,Electornics,Premium,BrandA,51.12
1177,Electronics,Basic,BrandC,58.02
1178,Electornics,General,BrandB,64.9
1179,Electronics,Premium,BrandB,116.42
1180,Electronics,Basic,BrandB,103.78
1181,electronics,Basic,BrandB,104.16
1182,electronics,General,BrandB,97.42
1183,Sports,Premium,BrandD,74.79
1184,Electronics,Premium,BrandD,92.79
1185,Home,Premium,BrandA,120.02
1186,Electronics,General,BrandD,49.75
1187,electronics,Premium,BrandC,62.61
1188,Electronics,Basic,BrandD,64.81
1189,Electronics,Premium,BrandB,117.45
1190,electronics,Premium,BrandA,65.42
1191,Home,Premium,BrandD,57.07
1192,Electronics,General,BrandA,142.61
1193,electronics,General,BrandA,175.32
1194,Home,Basic,BrandC,91.83
1195,Electronics,Basic,BrandA,57.39
1196,Home,Basic,BrandB,95.68
1197,Electronics,General,BrandA,62.77
1198,Home,General,BrandB,23.55
1199,Sports,General,BrandA,67.62
1200,Electornics,Basic,BrandD,39.3
1201,Home,Basic,BrandA,59.71
1202,Electronics,Basic,BrandA,51.71
1203,Home,Basic,BrandB,84.7
1204,Sports,General,BrandD,60.36
1205,Sports,Basic,BrandA,44.35
1206,Electornics,General,BrandB,35.19
1207,electronics,Basic,BrandB,53.68
1208,electronics,Basic,BrandA,56.71
1209,Electornics,General,BrandC,68.3
1210,Electronics,General,BrandC,83.05
1211,Home,General,BrandA,55.07
1212,Sports,General,BrandC,83.19
1213,Sports,General,BrandA,55.01
1214,Sports,General,BrandD,116.83
1215,Home,Premium,BrandC,84.8
1216,Home,Basic,BrandA,26.84
1217,electronics,Basic,BrandD,108.46
1218,electronics,General,BrandC,72.47
1219,Electornics,General,BrandD,86.78
1220,Home,Premium,BrandD,117.53
1221,electronics,Premium,BrandA,119.55
1222,Home,General,BrandB,70.76
1223,Home,Basic,BrandB,109.85
1224,Electornics,General,BrandC,116.67
1225,electronics,General,BrandD,54.26
1226,Electronics,General,BrandC,110.03
1227,electronics,Basic,BrandD,73.2
1228,Home,General,BrandC,16.87
1229,Electronics,General,BrandD,82.59
1230,Home,General,BrandC,104.13
1231,Home,General,BrandB,148.81
1232,electronics,General,BrandD,89.3
1233,Electornics,Premium,BrandA,91.5
1234,Electornics,Basic,BrandA,71.68
1235,Home,Premium,BrandA,58.73
1236,electronics,Premium,BrandC,50.14
1237,Electronics,Premium,BrandC,94.24
1238,Electronics,General,BrandA,135.69
1239,electronics,Premium,BrandB,96.35
1240,Electornics,Premium,BrandD,62.57
1241,Electornics,Basic,BrandA,100.01
1242,electronics,Premium,BrandC,100.19
1243,Electronics,General,BrandC,50.88
1244,Sports,General,BrandB,31.6
1245,Electronics,Premium,BrandB,94.94
1246,Sports,General,BrandC,165.75
1247,Electornics,Basic,BrandD,60.98
1248,electronics,Premium,BrandB,71.64
1249,electronics,Basic,BrandB,62.04
1250,Home,Basic,BrandC,54.66
1251,Electornics,Premium,BrandB,89.37
1252,Electornics,Premium,BrandB,101.06
1253,Electornics,Premium,BrandA,74.5
1254,Electronics,Basic,BrandA,50.8
1255,Electornics,Basic,BrandC,75.32
1256,Electornics,General,BrandD,93.73
1257,Electronics,Premium,BrandB,51.2
1258,electronics,Basic,BrandA,57.39
1259,Electornics,Basic,BrandA,51.26
1260,electronics,Basic,BrandB,73.89
1261,Sports,Basic,BrandA,111.49
1262,Electornics,Basic,BrandA,43.45
1263,Electornics,Basic,BrandD,76.49
1264,Electornics,General,BrandA,75.15
1265,electronics,General,BrandB,144.09
1266,Electronics,Basic,BrandC,67.37
1267,Electronics,Basic,BrandC,122.74
1268,electronics,General,BrandD,158.23
1269,Sports,Basic,BrandB,75.48
1270,Electornics,Basic,BrandA,26.3
1271,Home,Premium,BrandC,86.08
1272,electronics,General,BrandD,61.57
1273,Electronics,General,BrandB,64.02
1274,Home,General,BrandB,52.48
1275,Electronics,Premium,BrandD,62.72
1276,electronics,Premium,BrandB,71.61
1277,Electronics,Premium,BrandC,88.33
1278,Electornics,General,BrandA,111.82
1279,electronics,General,BrandD,118.1
1280,Sports,Basic,BrandC,91.0
1281,electronics,General,BrandC,65.93
1282,Sports,General,BrandB,93.84
1283,Electronics,Basic,BrandA,80.15
1284,Electornics,Basic,BrandB,71.33
1285,Home,General,BrandC,102.02
1286,Electronics,Premium,BrandA,21.87
1287,Electronics,General,BrandB,93.31
1288,Electornics,Premium,BrandC,76.26
1289,Sports,Premium,BrandD,78.93
1290,Electornics,Basic,BrandB,64.94
1291,Home,General,BrandD,86.88
1292,Electornics,Premium,BrandB,88.58
1293,Electronics,General,BrandD,66.73
1294,Home,Basic,BrandB,110.36
1295,electronics,General,BrandA,85.85
1296,Home,General,BrandC,104.67
1297,electronics,General,BrandD,52.84
1298,Electronics,Basic,BrandB,81.58
1299,electronics,Premium,BrandB,93.91
1300,Electornics,General,BrandA,126.54
1301,Electronics,Basic,BrandB,130.98
1302,Electronics,Basic,BrandB,83.12
1303,Electornics,Basic,BrandA,90.98
1304,electronics,Premium,BrandA,107.9
1305,Home,Basic,BrandB,108.08
1306,electronics,Basic,BrandA,139.14
1307,electronics,General,BrandD,97.12
1308,Home,Basic,BrandB,90.84
1309,Electronics,Basic,BrandA,93.11
1310,Sports,Premium,BrandB,93.8
1311,Sports,General,BrandB,47.05
1312,Electornics,Premium,BrandA,65.3
1313,Electornics,General,BrandB,60.97
1314,Electornics,Premium,BrandD,51.66
1315,Electornics,Basic,BrandB,116.36
1316,Home,General,BrandB,79.34
1317,electronics,Basic,BrandB,43.71
1318,Home,Premium,BrandA,151.58
1319,Electornics,Premium,BrandC,69.26
1320,Electornics,Premium,BrandB,91.7
1321,Home,Premium,BrandB,36.13
1322,Sports,Premium,BrandA,15.06
1323,Electornics,Basic,BrandD,86.42
1324,electronics,Premium,BrandB,47.19
1325,Electronics,Premium,BrandB,34.12
1326,electronics,Premium,BrandA,101.68
1327,Electronics,General,BrandB,72.32
1328,Home,General,BrandC,55.7
1329,Electornics,General,BrandA,95.24
1330,Electronics,Premium,BrandB,43.63
1331,Home,Premium,BrandB,84.5
1332,Home,Premium,BrandA,48.09
1333,Electornics,Basic,BrandC,129.35
1334,Electornics,Premium,BrandD,61.67
1335,Sports,General,BrandC,68.87
1336,electronics,Premium,BrandD,69.16
1337,Electornics,Basic,BrandA,174.99
1338,electronics,General,BrandB,93.09
1339,Home,General,BrandB,25.1
1340,Electornics,Basic,BrandA,57.59
1341,Electronics,Premium,BrandB,16.48
1342,Electronics,Basic,BrandD,83.26
1343,electronics,Basic,BrandC,114.54
1344,electronics,Premium,BrandD,63.63
1345,Electornics,General,BrandA,97.13
1346,Sports,Premium,BrandC,82.86
1347,Home,Basic,BrandB,120.26
1348,Electronics,Premium,BrandC,113.25
1349,Electornics,General,BrandC,118.49
1350,Electronics,Basic,BrandB,69.67
1351,Electornics,Basic,BrandA,78.2
1352,Electornics,Premium,BrandC,78.43
1353,Sports,Basic,BrandC,72.12
1354,electronics,General,BrandC,93.67
1355,Sports,Premium,BrandB,96.8
1356,Electornics,Premium,BrandA,97.57
1357,Home,Basic,BrandC,91.9
1358,Electornics,General,BrandA,87.46
1359,Sports,Basic,BrandD,79.88
1360,electronics,Premium,BrandC,64.57
1361,Home,General,BrandC,116.51
1362,Electronics,Premium,BrandC,42.78
1363,Electornics,Basic,BrandD,153.47
1364,Electornics,Premium,BrandC,72.62
1365,Electornics,Basic,BrandC,72.96
1366,Sports,General,BrandC,61.46
1367,electronics,Basic,BrandB,87.84
1368,Electornics,Basic,BrandB,31.01
1369,Electronics,General,BrandB,92.95
1370,Electronics,Premium,BrandB,42.56
1371,Electronics,Premium,BrandB,144.18
1372,Home,General,BrandB,73.11
1373,Sports,Basic,BrandA,56.9
1374,Electornics,Premium,BrandB,28.48
1375,Home,Premium,BrandC,105.48
1376,Electronics,Premium,BrandB,91.44
1377,Home,Premium,BrandD,77.7
1378,Electornics,Premium,BrandC,76.2
1379,Electronics,General,BrandB,127.93
1380,Electronics,General,BrandC,124.97
1381,Home,Basic,BrandA,85.55
1382,electronics,Basic,BrandB,60.56
1383,Home,General,BrandA,105.4
1384,Sports,Basic,BrandD,42.68
1385,electronics,General,BrandC,18.45
1386,Sports,Premium,BrandD,45.87
1387,Electronics,General,BrandB,33.44
1388,Electornics,Premium,BrandB,52.16
1389,Electornics,General,BrandA,108.99
1390,electronics,Premium,BrandD,82.58
1391,Electornics,General,BrandA,81.25
1392,Electronics,General,BrandC,113.43
1393,Electornics,Premium,BrandD,102.09
1394,Electornics,Basic,BrandA,78.52
1395,Home,Premium,BrandA,89.67
1396,electronics,Basic,BrandC,128.52
1397,electronics,Basic,BrandB,72.98
1398,Electronics,General,BrandA,92.91
1399,Electornics,Basic,BrandA,70.15
1400,Home,Basic,BrandA,75.67
1401,Electronics,Basic,BrandA,76.45
1402,Electornics,Basic,BrandC,77.6
1403,Sports,General,BrandB,35.36
1404,Electronics,General,BrandD,113.69
1405,electronics,Basic,BrandC,104.2
1406,electronics,Basic,BrandC,50.65
1407,Home,General,BrandB,86.67
1408,Electornics,Premium,BrandD,69.98
1409,Electronics,Premium,BrandA,108.02
1410,Home,Premium,BrandC,85.49
1411,Electronics,General,BrandC,104.89
1412,Electornics,General,BrandB,106.79
1413,Electronics,General,BrandA,67.3
1414,electronics,Premium,BrandC,85.64
1415,electronics,Basic,BrandD,107.34
1416,Electornics,General,BrandB,64.41
1417,Sports,Basic,BrandA,10.64
1418,Home,Basic,BrandC,59.96
1419,Home,Premium,BrandC,82.1
1420,Sports,Basic,BrandB,107.64
1421,Electornics,General,BrandC,106.13
1422,Sports,Premium,BrandC,116.26
1423,Home,General,BrandC,139.91
1424,Home,General,BrandC,45.41
1425,Sports,General,BrandC,48.77
1426,electronics,General,BrandD,74.31
1427,Electronics,General,BrandC,73.15
1428,Electronics,Basic,BrandD,128.6
1429,Electornics,General,BrandD,64.52
1430,Electronics,General,BrandD,86.14
1431,Electronics,General,BrandA,112.53
1432,Electornics,Premium,BrandD,90.72
1433,Electronics,Basic,BrandB,40.24
1434,Sports,Premium,BrandA,111.45
1435,Sports,Basic,BrandA,36.69
1436,Electornics,Basic,BrandC,71.2
1437,Electornics,Premium,BrandC,55.82
1438,Electornics,Basic,BrandB,53.81
1439,Electronics,Premium,BrandC,65.94
1440,electronics,Basic,BrandB,107.79
1441,Electronics,General,BrandC,67.01
1442,Sports,Basic,BrandC,51.15
1443,Home,General,BrandD,3.01
1444,Electronics,Basic,BrandD,84.21
1445,Sports,Premium,BrandA,69.54
1446,Home,General,BrandC,160.83
1447,Home,Basic,BrandC,90.35
1448,Electronics,Basic,BrandB,74.65
1449,Home,Premium,BrandD,86.23
1450,Sports,General,BrandC,150.69
1451,electronics,Premium,BrandB,55.06
1452,Electornics,Premium,BrandB,86.42
1453,Electornics,Premium,BrandD,88.59
1454,electronics,Basic,BrandD,111.67
1455,electronics,General,BrandA,101.31
1456,Electronics,Basic,BrandA,71.53
1457,Home,Basic,BrandA,78.0
1458,Electronics,Basic,BrandC,104.38
1459,Home,Premium,BrandB,93.86
1460,electronics,Premium,BrandC,138.85
1461,Home,Basic,BrandC,94.58
1462,Sports,Basic,BrandD,67.67
1463,Sports,General,BrandB,43.42
1464,electronics,Basic,BrandB,127.71
1465,Sports,Basic,BrandD,148.52
1466,Electornics,Basic,BrandC,90.42
1467,Sports,Basic,BrandA,114.24
1468,Home,Premium,BrandC,96.78
1469,Electornics,General,BrandC,61.86
1470,Sports,Basic,BrandB,81.45
1471,Sports,Premium,BrandC,59.77
1472,Sports,Basic,BrandD,80.51
1473,Home,Premium,BrandD,49.61
1474,Sports,General,BrandC,69.9
1475,Electornics,Premium,BrandC,104.42
1476,Sports,Premium,BrandB,44.59
1477,Electornics,Basic,BrandC,182.27
1478,Home,Basic,BrandA,89.32
1479,electronics,Basic,BrandD,77.71
1480,Electornics,Premium,BrandB,81.88
1481,electronics,Basic,BrandC,101.88
1482,Electornics,General,BrandB,86.53
1483,Electronics,Premium,BrandA,123.83
1484,electronics,Basic,BrandC,59.32
1485,Electronics,Premium,BrandC,68.15
1486,Home,General,BrandC,92.64
1487,electronics,Basic,BrandC,127.17
1488,Electronics,Premium,BrandA,69.88
1489,Electornics,General,BrandD,83.89
1490,Home,General,BrandD,36.56
1491,Electronics,Premium,BrandD,23.28
1492,Electornics,Premium,BrandD,80.18
1493,Home,General,BrandC,84.04
1494,Electronics,General,BrandA,55.77
1495,electronics,Premium,BrandA,49.56
1496,electronics,General,BrandA,82.17
1497,Electornics,General,BrandA,58.7
1498,Sports,General,BrandD,51.28
1499,electronics,Basic,BrandA,84.08
1500,Electornics,Premium,BrandB,105.63
1501,Electronics,Basic,BrandA,87.83
1502,Electronics,Basic,BrandC,62.36
1503,electronics,Basic,BrandC,114.61
1504,Sports,Basic,BrandD,128.96
1505,electronics,Basic,BrandA,36.47
1506,Electornics,Premium,BrandB,88.71
1507,Home,Basic,BrandB,32.25
1508,Sports,Basic,BrandC,25.64
1509,Sports,General,BrandB,83.78
1510,Sports,Premium,BrandA,77.52
1511,Sports,Basic,BrandA,59.76
1512,Home,General,BrandB,91.37
1513,Sports,Premium,BrandB,139.89
1514,electronics,Basic,BrandC,114.89
1515,Electronics,Premium,BrandD,62.0
1516,Electornics,General,BrandC,94.62
1517,Sports,Premium,BrandB,104.21
1518,electronics,Premium,BrandD,45.79
1519,Sports,Basic,BrandC,71.66
1520,Sports,General,BrandA,50.79
1521,Sports,General,BrandC,29.86
1522,Electornics,Premium,BrandC,2.12
1523,Electornics,Premium,BrandD,74.16
1524,Sports,Basic,BrandC,105.86
1525,electronics,Premium,BrandB,124.76
1526,Home,Premium,BrandA,64.16
1527,Electronics,General,BrandC,146.08
1528,electronics,General,BrandD,151.34
1529,Electronics,General,BrandB,37.03
1530,Electornics,Basic,BrandC,124.93
1531,electronics,Basic,BrandB,116.53
1532,Sports,Basic,BrandA,86.83
1533,Electronics,Basic,BrandA,106.73
1534,Electornics,General,BrandA,65.77
1535,Electronics,Premium,BrandB,83.81
1536,Sports,Basic,BrandC,54.63
1537,Sports,Basic,BrandC,-17.27
1538,Electornics,Basic,BrandD,25.81
1539,Sports,General,BrandA,91.49
1540,Sports,General,BrandB,50.77
1541,Electornics,Premium,BrandD,83.77
1542,electronics,Basic,BrandB,43.76
1543,Sports,Basic,BrandD,90.82
1544,electronics,Basic,BrandB,125.7
1545,Electornics,Premium,BrandB,82.16
1546,Electornics,General,BrandC,98.83
1547,Home,Basic,BrandC,144.49
1548,Electronics,General,BrandD,73.22
1549,Sports,General,BrandB,95.66
1550,Electornics,General,BrandC,96.47
1551,Electronics,Premium,BrandA,70.85
1552,Electronics,Premium,BrandC,68.35
1553,Electornics,General,BrandC,74.16
1554,Sports,Premium,BrandB,55.21
1555,Sports,General,BrandC,41.45
1556,Home,Basic,BrandA,96.2
1557,Sports,General,BrandA,19.82
1558,Home,Premium,BrandD,94.5
1559,electronics,General,BrandA,92.29
1560,Home,Premium,BrandA,120.94
1561,Home,Basic,BrandB,140.33
1562,Sports,Basic,BrandC,37.73
1563,Electornics,Basic,BrandC,106.45
1564,Home,Premium,BrandA,67.83
1565,Electronics,Premium,BrandC,67.37
1566,Home,General,BrandB,94.08
1567,Sports,Premium,BrandC,22.84
1568,Home,Basic,BrandA,59.4
1569,Home,General,BrandC,30.0
1570,Electronics,Basic,BrandC,72.08
1571,Electornics,General,BrandD,110.35
1572,Electornics,Basic,BrandA,47.66
1573,electronics,Basic,BrandB,84.0
1574,Sports,Basic,BrandC,83.35
1575,Home,Basic,BrandC,131.65
1576,Home,Premium,BrandD,64.74
1577,electronics,Premium,BrandB,64.73
1578,Electronics,Basic,BrandD,85.38
1579,Home,Premium,BrandB,87.27
1580,Home,Premium,BrandA,49.21
1581,electronics,Basic,BrandB,89.3
1582,Electornics,Basic,BrandD,66.52
1583,Home,Basic,BrandC,84.77
1584,Electornics,Basic,BrandA,63.92
1585,electronics,General,BrandB,55.4
1586,electronics,Basic,BrandB,83.52
1587,Electornics,Premium,BrandA,74.28
1588,electronics,Premium,BrandC,86.42
1589,Electronics,General,BrandA,87.29
1590,Home,Basic,BrandC,70.57
1591,electronics,Basic,BrandA,41.78
1592,Electornics,Basic,BrandC,105.32
1593,Home,Premium,BrandB,102.15
1594,Electronics,Basic,BrandC,77.91
1595,electronics,Basic,BrandC,55.92
1596,Sports,Basic,BrandB,92.56
1597,electronics,Basic,BrandD,69.9
1598,Electornics,Premium,BrandA,91.91
1599,Electornics,General,BrandB,79.27
1600,Home,Premium,BrandB,83.16
1601,Sports,Premium,BrandA,59.74
1602,Electronics,Premium,BrandC,45.6
1603,electronics,General,BrandD,113.56
1604,Home,General,BrandB,64.29
1605,Sports,Premium,BrandB,122.47
1606,Electronics,General,BrandA,138.35
1607,Electronics,Premium,BrandA,68.85
1608,electronics,General,BrandB,66.82
1609,Electronics,General,BrandC,60.34
1610,Sports,Premium,BrandA,109.82
1611,Sports,Premium,BrandD,48.38
1612,Electronics,General,BrandA,101.65
1613,Sports,Basic,BrandD,85.65
1614,Home,Basic,BrandD,93.11
1615,Home,General,BrandD,95.22
1616,Electornics,General,BrandA,79.56
1617,Electronics,Premium,BrandC,128.79
1618,Home,General,BrandC,58.95
1619,Electornics,Premium,BrandB,38.52
1620,Sports,General,BrandA,85.07
1621,Electornics,Premium,BrandB,108.23
1622,Home,Basic,BrandD,23.69
1623,electronics,Premium,BrandC,83.29
1624,Electornics,Basic,BrandD,49.85
1625,Electronics,Basic,BrandC,58.46
1626,Electornics,Premium,BrandA,134.47
1627,Electronics,General,BrandB,54.1
1628,Sports,General,BrandC,46.93
1629,Home,General,BrandB,91.53
1630,Home,Premium,BrandD,104.89
1631,Sports,Premium,BrandD,19.98
1632,electronics,Premium,BrandB,55.77
1633,electronics,Basic,BrandB,51.87
1634,Electornics,Basic,BrandD,60.21
1635,Electronics,Basic,BrandB,66.09
1636,electronics,Premium,BrandB,76.93
1637,Sports,General,BrandC,61.53
1638,Sports,General,BrandD,102.96
1639,Home,Basic,BrandD,81.53
1640,Sports,Premium,BrandD,55.8
1641,Sports,Premium,BrandA,94.7
1642,Sports,Premium,BrandD,23.7
1643,Electronics,Premium,BrandA,67.95
1644,Home,General,BrandD,61.31
1645,electronics,Premium,BrandC,69.54
1646,electronics,Basic,BrandD,36.74
1647,Sports,General,BrandC,113.12
1648,Home,Premium,BrandC,63.22
1649,Home,General,BrandD,26.78
1650,Electornics,Premium,BrandD,57.31
1651,Sports,General,BrandA,62.61
1652,Electronics,Basic,BrandB,100.36
1653,Electornics,Basic,BrandA,95.08
1654,Home,Basic,BrandB,50.81
1655,Home,General,BrandC,39.73
1656,Home,General,BrandD,67.05
1657,electronics,General,BrandA,57.01
1658,electronics,General,BrandA,108.74
1659,Home,Premium,BrandC,54.08
1660,electronics,Basic,BrandA,58.85
1661,Electronics,Premium,BrandC,64.68
1662,Electronics,General,BrandA,116.5
1663,Home,Premium,BrandB,85.87
1664,electronics,Basic,BrandA,115.03
1665,Home,Basic,BrandA,86.16
1666,electronics,Premium,BrandD,98.01
1667,Electronics,Basic,BrandA,107.84
1668,Home,Basic,BrandB,59.24
1669,Sports,Premium,BrandA,114.09
1670,Electornics,General,BrandA,91.36
1671,Sports,Premium,BrandC,60.25
1672,Home,General,BrandB,87.94
1673,Sports,General,BrandD,76.9
1674,electronics,Premium,BrandD,20.73
1675,Electronics,Basic,BrandC,60.86
1676,Sports,Basic,BrandC,70.44
1677,Sports,Premium,BrandC,118.63
1678,Electronics,General,BrandA,57.14
1679,electronics,General,BrandA,46.54
1680,Electronics,General,BrandA,55.65
1681,electronics,General,BrandA,58.93
1682,electronics,General,BrandC,81.45
1683,Electronics,Basic,BrandB,50.53
1684,Electronics,Premium,BrandB,110.6
1685,electronics,Premium,BrandA,83.43
1686,electronics,Premium,BrandD,80.82
1687,Sports,General,BrandA,70.83
1688,electronics,Basic,BrandA,43.97
1689,electronics,Premium,BrandC,62.95
1690,Electornics,General,BrandB,84.59
1691,Electronics,Basic,BrandC,90.02
1692,electronics,Basic,BrandC,54.18
1693,electronics,Basic,BrandB,78.82
1694,Electornics,General,BrandB,67.05
1695,electronics,Basic,BrandC,58.1
1696,Electronics,Premium,BrandD,121.69
1697,Electornics,Premium,BrandB,63.8
1698,electronics,Premium,BrandB,90.66
1699,electronics,Premium,BrandB,79.16
1700,Sports,Basic,BrandD,103.32
1701,electronics,General,BrandC,73.14
1702,electronics,Basic,BrandD,78.38
1703,Electornics,Premium,BrandC,71.8
1704,Sports,Basic,BrandC,91.03
1705,Electornics,Premium,BrandC,58.2
1706,electronics,Basic,BrandD,127.88
1707,electronics,Premium,BrandD,66.35
1708,electronics,General,BrandB,41.52
1709,Electornics,Premium,BrandB,78.16
1710,electronics,Premium,BrandC,81.39
1711,electronics,Basic,BrandB,70.49
1712,electronics,Basic,BrandA,72.32
1713,Electornics,Basic,BrandA,111.98
1714,electronics,Basic,BrandC,51.09
1715,Home,Premium,BrandA,110.59
1716,Electornics,Premium,BrandD,101.8
1717,Electronics,Basic,BrandC,130.2
1718,Sports,Basic,BrandD,39.82
1719,Home,Basic,BrandB,87.25
1720,Electornics,Basic,BrandC,86.47
1721,Sports,General,BrandD,51.23
1722,Electornics,Basic,BrandA,121.71
1723,electronics,Premium,BrandA,80.44
1724,Home,Basic,BrandD,54.89
1725,Home,General,BrandC,61.22
1726,Electornics,Premium,BrandC,76.94
1727,Electornics,Basic,BrandC,72.41
1728,Sports,General,BrandB,93.32
1729,Electronics,Premium,BrandD,62.76
1730,Electornics,General,BrandB,90.16
1731,electronics,Basic,BrandC,74.01
1732,Electronics,Premium,BrandB,124.68
1733,electronics,Basic,BrandC,103.53
1734,Sports,General,BrandD,102.79
1735,Sports,General,BrandB,29.13
1736,Home,General,BrandD,89.25
1737,Sports,General,BrandB,68.97
1738,Electronics,Premium,BrandB,31.16
1739,Home,Basic,BrandB,69.8
1740,Sports,Premium,BrandB,114.42
1741,Sports,General,BrandD,73.7
1742,electronics,General,BrandC,76.96
1743,Electronics,General,BrandC,94.25
1744,Sports,Premium,BrandA,98.15
1745,Electronics,General,BrandC,110.08
1746,Electronics,Premium,BrandC,112.58
1747,Home,Premium,BrandB,86.69
1748,electronics,Basic,BrandA,71.4
1749,Electronics,Basic,BrandC,117.45
1750,Home,Premium,BrandD,87.8
1751,Home,Premium,BrandC,66.21
1752,Electornics,Basic,BrandC,41.18
1753,Sports,Basic,BrandC,69.79
1754,Electornics,General,BrandD,95.85
1755,Electornics,Basic,BrandD,49.84
1756,Electronics,General,BrandD,116.14
1757,Sports,Basic,BrandA,71.31
1758,Electronics,General,BrandA,48.74
1759,Home,Premium,BrandC,118.2
1760,Electornics,Basic,BrandC,105.94
1761,Home,General,BrandC,69.89
1762,Electornics,Basic,BrandA,14.75
1763,Electornics,General,BrandB,98.21
1764,Sports,Basic,BrandD,43.67
1765,Electornics,Premium,BrandD,75.22
1766,Home,Premium,BrandD,52.05
1767,Electornics,General,BrandD,104.16
1768,Electornics,General,BrandA,64.07
1769,Electronics,General,BrandB,62.84
1770,Sports,General,BrandD,62.97
1771,Home,Basic,BrandC,80.3
1772,Electornics,Basic,BrandA,32.2
1773,Electronics,Premium,BrandA,98.36
1774,Sports,Basic,BrandB,103.56
1775,Home,Premium,BrandD,105.33
1776,Electornics,Premium,BrandD,58.69
1777,electronics,Premium,BrandB,73.04
1778,electronics,Premium,BrandD,106.02
1779,Home,General,BrandC,38.54
1780,Electronics,Premium,BrandC,126.05
1781,Electronics,Basic,BrandD,46.42
1782,electronics,Basic,BrandC,63.72
1783,Electornics,Premium,BrandA,54.48
1784,Electronics,Basic,BrandA,91.68
1785,Home,General,BrandB,91.35
1786,Sports,Basic,BrandA,104.61
1787,Electronics,Premium,BrandC,40.53
1788,Sports,Premium,BrandD,95.01
1789,electronics,Premium,BrandC,50.54
1790,Electornics,Premium,BrandB,61.65
1791,Electornics,Basic,BrandD,149.33
1792,Home,Basic,BrandC,69.29
1793,electronics,Basic,BrandD,42.49
1794,Electornics,Premium,BrandC,57.4
1795,Electronics,General,BrandA,35.68
1796,Home,General,BrandD,93.71
1797,electronics,Basic,BrandD,83.8
1798,Home,Premium,BrandC,83.14
1799,Electronics,Premium,BrandB,74.8
1800,electronics,General,BrandA,88.5
1801,Sports,General,BrandC,85.54
1802,Electornics,General,BrandA,84.98
1803,Sports,General,BrandD,106.94
1804,Electornics,General,BrandC,88.43
1805,Electornics,General,BrandB,114.08
1806,Electornics,General,BrandD,55.66
1807,electronics,General,BrandC,82.58
1808,Home,Basic,BrandA,94.69
1809,Electronics,Premium,BrandA,60.21
1810,Electronics,General,BrandA,96.77
1811,Sports,Basic,BrandC,86.77
1812,Electornics,Premium,BrandA,63.93
1813,Electronics,General,BrandC,93.83
1814,electronics,Basic,BrandC,154.87
1815,electronics,General,BrandD,108.51
1816,Sports,General,BrandB,75.22
1817,Electornics,General,BrandC,87.49
1818,electronics,General,BrandC,110.87
1819,Electronics,Premium,BrandA,29.15
1820,Electronics,Premium,BrandC,116.99
1821,Electronics,Basic,BrandC,61.25
1822,electronics,Premium,BrandC,47.08
1823,electronics,General,BrandC,80.58
1824,Sports,Basic,BrandA,88.29
1825,Electronics,Premium,BrandA,41.04
1826,Electornics,Premium,BrandA,53.49
1827,Electronics,General,BrandA,73.86
1828,Electornics,General,BrandD,114.13
1829,Electronics,General,BrandD,67.76
1830,Home,General,BrandC,80.48
1831,electronics,Basic,BrandA,103.38
1832,Electronics,General,BrandC,138.57
1833,Home,Premium,BrandB,74.66
1834,Home,Basic,BrandD,43.21
1835,Electornics,Premium,BrandC,70.65
1836,Sports,Basic,BrandC,58.9
1837,Electornics,Basic,BrandD,51.96
1838,Electornics,General,BrandD,108.31
1839,electronics,Basic,BrandC,90.26
1840,electronics,Premium,BrandA,90.66
1841,Electornics,General,BrandA,78.19
1842,Electornics,General,BrandA,97.3
1843,Home,Premium,BrandC,22.62
1844,electronics,Basic,BrandD,126.15
1845,electronics,General,BrandB,99.69
1846,Home,Premium,BrandD,41.76
1847,Sports,Basic,BrandC,113.33
1848,Sports,General,BrandD,118.59
1849,Electornics,General,BrandD,-9.81
1850,Electronics,Premium,BrandA,81.37
1851,Electronics,Basic,BrandD,96.16
1852,Home,Basic,BrandA,126.05
1853,Sports,Basic,BrandD,118.25
1854,Electronics,General,BrandD,104.47
1855,Home,Premium,BrandA,78.52
1856,Electronics,General,BrandB,62.6
1857,electronics,Basic,BrandB,75.87
1858,Home,General,BrandA,39.86
1859,electronics,Premium,BrandD,56.07
1860,Electronics,Basic,BrandA,105.69
1861,Electronics,Premium,BrandC,31.76
1862,electronics,Basic,BrandD,87.64
1863,Home,General,BrandB,79.8
1864,electronics,Basic,BrandC,93.25
1865,Electronics,Premium,BrandD,117.71
1866,Electornics,Premium,BrandC,42.9
1867,electronics,Basic,BrandD,73.2
1868,Sports,General,BrandA,92.8
1869,Sports,Basic,BrandA,-24.56
1870,Electronics,Premium,BrandB,68.95
1871,Electornics,Premium,BrandC,70.15
1872,Electornics,Premium,BrandD,86.31
1873,electronics,Basic,BrandA,126.31
1874,Home,Premium,BrandD,98.76
1875,Home,Basic,BrandC,133.28
1876,Home,General,BrandB,120.73
1877,Electornics,Premium,BrandB,69.76
1878,Sports,General,BrandA,78.5
1879,Electronics,General,BrandB,74.77
1880,Home,Basic,BrandA,78.95
1881,Electronics,Basic,BrandC,102.56
1882,electronics,Premium,BrandC,51.12
1883,Electornics,Premium,BrandC,146.21
1884,Sports,Premium,BrandD,59.25
1885,electronics,Premium,BrandC,62.9
1886,Electornics,Basic,BrandB,56.78
1887,Home,Premium,BrandA,114.28
1888,electronics,Premium,BrandA,36.14
1889,Electornics,General,BrandD,42.87
1890,Electornics,General,BrandD,75.85
1891,Electornics,General,BrandD,125.67
1892,Electronics,General,BrandD,67.8
1893,electronics,Premium,BrandC,79.66
1894,Electornics,Basic,BrandA,79.15
1895,electronics,General,BrandA,119.12
1896,Sports,Premium,BrandD,58.9
1897,Sports,Premium,BrandB,113.05
1898,electronics,Basic,BrandB,26.4
1899,Electronics,Premium,BrandD,76.63
1900,Home,General,BrandC,46.98
1901,electronics,Premium,BrandC,52.78
1902,Sports,Premium,BrandC,66.9
1903,electronics,General,BrandB,38.42
1904,electronics,Premium,BrandB,50.25
1905,Home,General,BrandC,59.51
1906,Sports,Premium,BrandB,101.37
1907,Electronics,Premium,BrandA,57.19
1908,Home,Basic,BrandA,79.44
1909,Electornics,Basic,BrandD,57.7
1910,Electronics,Basic,BrandD,59.72
1911,Sports,General,BrandC,116.18
1912,Electronics,General,BrandB,109.17
1913,Electronics,Basic,BrandC,28.44
1914,Home,Basic,BrandD,63.61
1915,electronics,Premium,BrandC,67.44
1916,Electornics,Premium,BrandC,89.58
1917,Electronics,Premium,BrandD,37.9
1918,Electornics,Premium,BrandB,12.45
1919,Sports,General,BrandD,114.0
1920,Home,Basic,BrandA,97.17
1921,electronics,Basic,BrandD,111.31
1922,electronics,Basic,BrandC,112.29
1923,Home,Premium,BrandB,20.58
1924,Electornics,General,BrandC,84.58
1925,electronics,General,BrandB,107.69
1926,Sports,Premium,BrandC,82.97
1927,electronics,Premium,BrandB,14.69
1928,electronics,General,BrandB,71.78
1929,Home,Basic,BrandC,88.93
1930,electronics,Basic,BrandC,72.99
1931,Electronics,Basic,BrandB,85.01
1932,Sports,Premium,BrandD,76.11
1933,Electornics,Premium,BrandB,116.96
1934,Home,General,BrandC,70.68
1935,Electornics,Premium,BrandA,83.4
1936,electronics,General,BrandB,94.45
1937,Home,General,BrandA,101.5
1938,Home,General,BrandD,65.69
1939,Home,Premium,BrandD,54.89
1940,Electornics,Basic,BrandC,63.73
1941,electronics,Premium,BrandD,110.51
1942,electronics,General,BrandB,76.58
1943,Electronics,Premium,BrandC,34.82
1944,electronics,General,BrandB,49.45
1945,electronics,General,BrandD,83.77
1946,Home,Basic,BrandA,63.72
1947,Electornics,Premium,BrandA,22.81
1948,Electornics,General,BrandD,72.34
1949,electronics,Premium,BrandB,95.82
1950,Electornics,Premium,BrandD,77.75
1951,Electornics,Premium,BrandD,78.5
1952,Electornics,General,BrandC,42.46
1953,Electornics,Basic,BrandD,76.76
1954,Home,Basic,BrandC,42.98
1955,Sports,General,BrandA,126.59
1956,electronics,General,BrandA,125.33
1957,Home,General,BrandA,111.05
1958,Home,General,BrandA,55.29
1959,Electronics,Premium,BrandC,63.08
1960,electronics,General,BrandC,81.31
1961,Electornics,General,BrandA,84.05
1962,electronics,Basic,BrandB,92.3
1963,Electronics,General,BrandD,80.97
1964,electronics,Premium,BrandB,103.71
1965,Electronics,Premium,BrandB,48.74
1966,Sports,General,BrandB,111.66
1967,Home,Basic,BrandA,89.27
1968,Electornics,Basic,BrandA,43.04
1969,Electronics,Basic,BrandB,61.38
1970,Electronics,Basic,BrandB,73.04
1971,Sports,General,BrandB,61.07
1972,Home,Basic,BrandA,78.52
1973,Electornics,Basic,BrandA,152.26
1974,Electornics,Premium,BrandC,76.56
1975,Sports,Premium,BrandA,77.64
1976,Electronics,General,BrandC,59.12
1977,Electornics,General,BrandB,92.85
1978,Electronics,Premium,BrandB,66.78
1979,Electronics,Basic,BrandA,52.17
1980,Home,Premium,BrandC,54.07
1981,Electronics,Premium,BrandD,86.61
1982,Home,General,BrandA,85.48
1983,Sports,Basic,BrandB,39.74
1984,Electronics,General,BrandD,82.21
1985,Home,Premium,BrandA,98.06
1986,electronics,General,BrandC,95.76
1987,electronics,General,BrandA,76.52
1988,electronics,Premium,BrandB,63.04
1989,Sports,Premium,BrandA,56.78
1990,Electornics,Basic,BrandB,95.24
1991,Electronics,Premium,BrandC,72.56
1992,Sports,Basic,BrandB,156.41
1993,Electornics,Basic,BrandD,43.84
1994,Electornics,General,BrandA,50.55
1995,Home,Premium,BrandD,88.13
1996,Home,Basic,BrandD,101.38
1997,Home,Basic,BrandB,50.61
1998,electronics,General,BrandA,94.08
1999,Electronics,General,BrandD,126.23
2000,Home,General,BrandC,66.16
2001,Electornics,Basic,BrandB,29.84
2002,electronics,Basic,BrandB,118.48
2003,Electronics,Premium,BrandC,66.4
2004,Home,General,BrandD,43.54
2005,Home,Basic,BrandA,113.56
2006,Home,General,BrandC,96.44
2007,Electornics,General,BrandA,101.48
2008,Electornics,Basic,BrandC,53.89
2009,Electornics,General,BrandC,80.49
2010,Electronics,Premium,BrandA,55.75
2011,Electornics,General,BrandA,83.27
2012,Sports,Premium,BrandD,97.2
2013,Sports,General,BrandA,99.13
2014,Electornics,General,BrandB,77.5
2015,electronics,General,BrandD,79.9
2016,electronics,Basic,BrandA,91.12
2017,electronics,Premium,BrandB,56.86
2018,Home,Basic,BrandC,89.17
2019,Electornics,General,BrandB,21.31
2020,Electronics,Basic,BrandA,86.07
2021,Electornics,General,BrandD,85.1
2022,Electornics,General,BrandA,126.75
2023,Home,Basic,BrandB,70.41
2024,Home,Premium,BrandD,77.38
2025,electronics,General,BrandC,87.87
2026,electronics,Basic,BrandD,64.61
2027,Electornics,General,BrandC,76.44
2028,Home,Basic,BrandB,123.58
2029,Home,Basic,BrandD,73.31
2030,electronics,Premium,BrandD,100.0
2031,Electornics,Premium,BrandB,133.3
2032,Home,General,BrandD,61.48
2033,Electronics,Basic,BrandB,90.19
2034,Home,General,BrandC,72.96
2035,Electronics,Basic,BrandD,64.75
2036,Electornics,Basic,BrandB,56.11
2037,electronics,Basic,BrandC,89.75
2038,Electronics,General,BrandB,94.0
2039,Electronics,Premium,BrandA,67.2
2040,Sports,Premium,BrandB,62.44
2041,Sports,Basic,BrandB,72.49
2042,Electornics,Basic,BrandD,115.1
2043,Electornics,General,BrandB,75.86
2044,Electornics,Premium,BrandC,73.96
2045,Electronics,Premium,BrandD,60.53
2046,Sports,General,BrandD,98.12
2047,Home,Premium,BrandD,110.43
2048,Home,General,BrandA,84.88
2049,Home,General,BrandA,137.55
2050,Electornics,General,BrandC,12.06
2051,Home,Basic,BrandC,21.42
2052,Electronics,General,BrandC,34.06
2053,Electornics,Premium,BrandA,39.19
2054,Electronics,Basic,BrandB,86.35
2055,Electronics,Premium,BrandA,36.95
2056,electronics,Basic,BrandD,48.02
2057,Sports,Basic,BrandB,146.68
2058,electronics,Basic,BrandB,101.24
2059,Electronics,Basic,BrandB,100.08
2060,Home,General,BrandD,79.53
2061,Electornics,Basic,BrandC,51.81
2062,Electronics,Premium,BrandC,50.12
2063,Electornics,Basic,BrandB,25.98
2064,Home,Basic,BrandD,81.09
2065,Home,Premium,BrandB,145.16
2066,Electornics,General,BrandC,47.25
2067,Electronics,General,BrandC,44.08
2068,Electornics,Premium,BrandB,89.52
2069,Electornics,General,BrandC,91.56
2070,Home,General,BrandA,93.4
2071,Electronics,Basic,BrandB,35.86
2072,electronics,General,BrandC,74.64
2073,Home,Premium,BrandB,82.3
2074,Home,General,BrandD,83.92
2075,Sports,Basic,BrandB,96.13
2076,Home,Basic,BrandC,110.54
2077,Sports,Premium,BrandB,130.75
2078,Sports,General,BrandD,82.46
2079,Home,Premium,BrandD,60.55
2080,Home,Basic,BrandD,105.24
2081,Electornics,Basic,BrandD,116.04
2082,Electronics,Premium,BrandD,127.91
2083,Electronics,Basic,BrandB,62.27
2084,Home,General,BrandA,133.51
2085,Electornics,General,BrandB,27.21
2086,Electornics,Premium,BrandB,101.82
2087,electronics,Premium,BrandA,111.06
2088,Sports,Premium,BrandD,117.32
2089,electronics,Basic,BrandA,63.5
2090,Electornics,Basic,BrandB,57.18
2091,electronics,Basic,BrandB,161.76
2092,Home,Basic,BrandD,51.87
2093,Electronics,Premium,BrandC,111.94
2094,Sports,General,BrandB,116.74
2095,Home,General,BrandB,70.3
2096,electronics,Basic,BrandD,129.04
2097,electronics,General,BrandD,63.14
2098,Home,General,BrandB,101.41
2099,Sports,Premium,BrandA,83.84
2100,electronics,General,BrandB,63.84
2101,electronics,Basic,BrandC,54.48
2102,electronics,Basic,BrandB,52.35
2103,Sports,Premium,BrandC,79.07
2104,Home,Premium,BrandC,75.36
2105,Home,Basic,BrandB,113.77
2106,Electornics,Premium,BrandC,87.48
2107,Home,Basic,BrandB,105.21
2108,Sports,Basic,BrandB,93.55
2109,Home,Premium,BrandD,47.56
2110,Electornics,General,BrandD,75.8
2111,Electornics,General,BrandA,82.39
2112,Electronics,Premium,BrandB,98.59
2113,electronics,General,BrandD,90.32
2114,Electornics,Basic,BrandD,97.71
2115,electronics,Premium,BrandD,82.02
2116,Home,Premium,BrandA,31.29
2117,Home,Premium,BrandD,78.38
2118,Home,Premium,BrandA,134.16
2119,Electronics,Basic,BrandA,81.67
2120,Electornics,General,BrandC,96.6
2121,Electronics,Premium,BrandB,110.38
2122,Electronics,Premium,BrandA,45.52
2123,Electornics,Basic,BrandA,89.72
2124,electronics,Basic,BrandA,142.26
2125,electronics,Premium,BrandC,122.78
2126,Sports,Basic,BrandA,109.03
2127,Sports,General,BrandB,91.09
2128,Home,General,BrandC,105.52
2129,Electornics,Premium,BrandC,58.69
2130,electronics,Premium,BrandB,69.28
2131,Electronics,Basic,BrandC,48.68
2132,Electronics,Premium,BrandA,27.02
2133,Electornics,General,BrandA,57.96
2134,electronics,General,BrandC,30.98
2135,electronics,General,BrandC,52.88
2136,Home,General,BrandA,72.67
2137,electronics,General,BrandA,73.91
2138,Home,Premium,BrandD,93.07
2139,Home,Basic,BrandC,114.57
2140,Electornics,General,BrandC,109.54
2141,Home,Basic,BrandC,50.55
2142,Electornics,General,BrandC,114.73
2143,Sports,Premium,BrandC,112.63
2144,Home,Premium,BrandA,88.1
2145,Sports,General,BrandA,62.37
2146,Sports,Basic,BrandB,92.79
2147,Electronics,General,BrandA,96.23
2148,Electronics,Premium,BrandD,84.37
2149,Electronics,Premium,BrandB,45.11
2150,electronics,Premium,BrandB,52.45
2151,Sports,General,BrandB,41.34
2152,Electronics,General,BrandD,56.48
2153,Sports,Premium,BrandC,81.66
2154,Electronics,Premium,BrandB,94.27
2155,Home,General,BrandA,50.7
2156,Sports,General,BrandD,38.47
2157,Sports,Premium,BrandC,77.87
2158,electronics,General,BrandB,57.3
2159,Electronics,Basic,BrandD,66.71
2160,Home,Premium,BrandB,108.74
2161,Electronics,Premium,BrandC,115.64
2162,Electronics,Basic,BrandC,92.96
2163,Sports,Premium,BrandD,35.84
2164,Electornics,Premium,BrandA,77.75
2165,electronics,Basic,BrandB,111.96
2166,electronics,Basic,BrandC,81.55
2167,Electronics,Basic,BrandD,84.29
2168,Sports,Basic,BrandD,42.0
2169,electronics,Basic,BrandA,141.6
2170,electronics,General,BrandB,70.44
2171,Electronics,Basic,BrandD,58.7
2172,Home,Basic,BrandB,66.66
2173,Electornics,General,BrandD,128.15
2174,Electornics,Basic,BrandD,94.89
2175,Electronics,Premium,BrandD,94.02
2176,Sports,Premium,BrandB,136.61
2177,Sports,General,BrandA,82.67
2178,electronics,Basic,BrandD,45.78
2179,Electornics,Basic,BrandC,70.77
2180,Sports,Premium,BrandB,-2.65
2181,Sports,Premium,BrandA,72.89
2182,Electronics,General,BrandB,59.62
2183,Electornics,Basic,BrandB,45.39
2184,electronics,General,BrandC,21.0
2185,Sports,Premium,BrandD,67.11
2186,Electronics,Premium,BrandC,70.65
2187,Home,General,BrandD,127.63
2188,Electronics,Basic,BrandB,83.44
2189,Sports,General,BrandD,30.88
2190,Electronics,General,BrandA,68.89
2191,Home,General,BrandC,125.58
2192,Sports,Basic,BrandA,82.5
2193,Electronics,Basic,BrandD,86.27
2194,Electornics,Premium,BrandB,69.3
2195,Sports,Premium,BrandA,48.9
2196,Sports,Premium,BrandA,35.85
2197,Electronics,General,BrandB,27.21
2198,Electronics,Premium,BrandA,107.52
2199,Electornics,Premium,BrandA,113.27
2200,Sports,General,BrandD,64.02
2201,Electronics,General,BrandC,51.91
2202,Sports,Premium,BrandD,57.07
2203,Electornics,Basic,BrandA,66.45
2204,electronics,Basic,BrandB,83.97
2205,Electronics,Premium,BrandC,115.79
2206,Electornics,General,BrandC,90.66
2207,Electronics,Premium,BrandC,67.03
2208,Electornics,Premium,BrandB,41.05
2209,Electornics,Basic,BrandC,97.1
2210,electronics,Basic,BrandD,28.58
2211,Electornics,Premium,BrandC,128.31
2212,Electornics,Basic,BrandB,87.24
2213,Electronics,General,BrandA,76.36
2214,Electornics,Basic,BrandD,12.61
2215,Electornics,General,BrandB,94.15
2216,Home,General,BrandC,91.69
2217,electronics,General,BrandD,117.51
2218,Sports,Premium,BrandA,101.44
2219,electronics,Premium,BrandB,80.25
2220,Sports,Basic,BrandB,106.4
2221,Sports,Basic,BrandB,67.93
2222,Electornics,General,BrandD,109.6
2223,Home,General,BrandA,92.19
2224,Electronics,General,BrandD,42.47
2225,Sports,Premium,BrandC,73.98
2226,Electronics,Premium,BrandD,67.25
2227,Electornics,Premium,BrandA,87.95
2228,Electronics,General,BrandB,97.67
2229,Home,Basic,BrandD,100.71
2230,Electornics,General,BrandD,64.81
2231,Electronics,Basic,BrandA,94.55
2232,Electronics,Premium,BrandB,132.62
2233,Electornics,Premium,BrandB,117.78
2234,Electronics,General,BrandC,73.55
2235,Sports,Premium,BrandD,47.1
2236,Electronics,Basic,BrandC,55.97
2237,Sports,General,BrandA,93.18
2238,Electronics,Premium,BrandC,130.59
2239,Sports,Premium,BrandD,104.34
2240,Home,Premium,BrandB,3.45
2241,Home,Basic,BrandB,69.75
2242,Home,Basic,BrandD,65.34
2243,Electronics,Basic,BrandC,73.78
2244,Home,Premium,BrandD,85.3
2245,Electornics,General,BrandA,98.36
2246,Sports,General,BrandC,108.18
2247,Home,Basic,BrandA,112.41
2248,Home,Premium,BrandD,56.96
2249,Electronics,Premium,BrandA,93.29
2250,electronics,Basic,BrandC,84.66
2251,Sports,Basic,BrandD,138.12
2252,electronics,General,BrandA,106.47
2253,Home,Premium,BrandA,75.88
2254,electronics,General,BrandD,70.04
2255,Electornics,Basic,BrandC,5.19
2256,Sports,General,BrandD,82.91
2257,electronics,Premium,BrandA,43.44
2258,Electornics,Basic,BrandB,82.59
2259,Sports,Basic,BrandA,52.64
2260,Electronics,Premium,BrandD,126.44
2261,Sports,Basic,BrandD,126.35
2262,electronics,Premium,BrandD,86.3
2263,Sports,General,BrandB,75.63
2264,Electornics,Premium,BrandB,97.03
2265,Electronics,Premium,BrandD,80.31
2266,Home,Basic,BrandD,108.02
2267,Electornics,General,BrandC,123.31
2268,electronics,General,BrandD,86.47
2269,electronics,Basic,BrandC,90.72
2270,Home,Basic,BrandA,48.02
2271,Sports,Basic,BrandB,55.31
2272,Home,Basic,BrandC,85.36
2273,Electronics,General,BrandB,147.35
2274,Home,General,BrandB,113.03
2275,Sports,General,BrandC,106.58
2276,Sports,Premium,BrandB,80.44
2277,Home,Basic,BrandC,109.61
2278,Electornics,General,BrandB,31.08
2279,Home,Premium,BrandB,106.97
2280,Electornics,Basic,BrandA,96.26
2281,Electronics,Basic,BrandA,85.49
2282,Home,Basic,BrandB,82.42
2283,Electronics,Basic,BrandC,48.41
2284,Home,Premium,BrandB,66.54
2285,Home,General,BrandB,99.02
2286,Electronics,Premium,BrandC,99.88
2287,Sports,General,BrandD,102.47
2288,Home,Premium,BrandD,113.33
2289,Sports,General,BrandD,92.45
2290,Home,Basic,BrandB,4.61
2291,Sports,Premium,BrandB,38.68
2292,Electronics,Basic,BrandB,77.93
2293,Sports,Basic,BrandA,96.85
2294,Home,Premium,BrandC,87.04
2295,Sports,General,BrandC,99.41
2296,Electornics,Premium,BrandC,85.72
2297,Electornics,General,BrandD,97.39
2298,Electornics,Basic,BrandC,108.12
2299,electronics,Basic,BrandA,148.18
2300,Sports,Premium,BrandA,36.18
2301,Sports,Premium,BrandC,70.16
2302,electronics,General,BrandC,87.85
2303,Home,Premium,BrandC,77.57
2304,Sports,Premium,BrandA,114.87
2305,Electornics,Basic,BrandD,78.22
2306,Electornics,Premium,BrandD,82.29
2307,electronics,General,BrandC,114.12
2308,electronics,Premium,BrandA,48.71
2309,Electronics,Basic,BrandB,75.09
2310,Home,Premium,BrandB,50.11
2311,Home,General,BrandC,82.1
2312,Electronics,General,BrandA,78.43
2313,Electronics,General,BrandD,16.71
2314,Sports,General,BrandD,64.15
2315,Electornics,Basic,BrandC,101.67
2316,Electornics,Basic,BrandA,90.06
2317,Electronics,Premium,BrandB,74.83
2318,Home,Basic,BrandD,93.55
2319,Sports,General,BrandD,29.1
2320,Home,General,BrandA,43.15
2321,Electornics,Basic,BrandC,69.05
2322,electronics,General,BrandA,125.87
2323,Home,Premium,BrandB,93.17
2324,electronics,Premium,BrandA,47.16
2325,Home,Basic,BrandA,90.44
2326,Home,General,BrandB,90.11
2327,Electronics,Basic,BrandC,133.24
2328,electronics,Basic,BrandA,87.12
2329,Sports,Premium,BrandA,65.49
2330,electronics,Basic,BrandB,90.41
2331,Electornics,Basic,BrandB,53.08
2332,electronics,General,BrandC,95.22
2333,Electornics,Premium,BrandC,27.73
2334,Electornics,General,BrandB,109.02
2335,Electronics,Premium,BrandC,81.29
2336,Home,General,BrandA,70.87
2337,Home,General,BrandA,120.55
2338,electronics,Basic,BrandA,126.77
2339,Electronics,General,BrandA,91.71
2340,Sports,General,BrandA,65.94
2341,Electronics,General,BrandD,83.49
2342,Electornics,Basic,BrandD,69.53
2343,Home,Premium,BrandD,67.15
2344,Electornics,Basic,BrandB,14.58
2345,electronics,General,BrandA,85.91
2346,Electronics,Basic,BrandC,81.15
2347,Electronics,Premium,BrandB,62.84
2348,electronics,General,BrandB,105.6
2349,Electornics,Premium,BrandD,70.57
2350,Home,General,BrandC,116.18
2351,Electronics,Basic,BrandA,65.97
2352,Sports,Premium,BrandA,46.64
2353,Electronics,Basic,BrandD,46.47
2354,Electornics,Premium,BrandD,58.57
2355,Home,Premium,BrandA,95.18
2356,Electronics,Basic,BrandB,44.08
2357,Electronics,Premium,BrandB,56.4
2358,Home,Premium,BrandD,48.89
2359,Electornics,Premium,BrandC,102.53
2360,Sports,Basic,BrandB,85.29
2361,Electornics,General,BrandC,50.42
2362,electronics,Premium,BrandB,126.18
2363,Sports,General,BrandD,59.03
2364,Electornics,Premium,BrandD,97.21
2365,electronics,Basic,BrandB,93.13
2366,Home,General,BrandC,110.41
2367,electronics,General,BrandB,11.87
2368,Electronics,General,BrandB,75.71
2369,Electornics,General,BrandC,75.62
2370,Sports,Basic,BrandD,100.2
2371,Electornics,Premium,BrandD,0.0
2372,Sports,Basic,BrandD,78.59
2373,electronics,General,BrandC,108.2
2374,Home,Premium,BrandD,135.64
2375,Sports,General,BrandA,107.62
2376,Electronics,General,BrandA,45.81
2377,Sports,Basic,BrandA,67.09
2378,electronics,Premium,BrandD,87.46
2379,Sports,General,BrandC,103.14
2380,Electornics,Basic,BrandB,81.23
2381,Sports,Premium,BrandB,97.26
2382,electronics,General,BrandA,94.43
2383,electronics,Basic,BrandC,41.94
2384,Electronics,Basic,BrandC,141.91
2385,electronics,Premium,BrandA,118.43
2386,electronics,General,BrandD,69.11
2387,electronics,Basic,BrandD,118.88
2388,Home,Premium,BrandA,103.87
2389,Electornics,Premium,BrandA,52.11
2390,Home,Premium,BrandA,63.45
2391,Electornics,Basic,BrandA,47.19
2392,Electronics,Basic,BrandA,109.56
2393,electronics,Basic,BrandB,86.35
2394,Electronics,General,BrandA,62.12
2395,Sports,Premium,BrandB,65.89
2396,Home,Basic,BrandB,56.01
2397,electronics,Premium,BrandB,91.62
2398,Home,Basic,BrandC,61.39
2399,electronics,Basic,BrandD,128.51
2400,Electornics,Basic,BrandD,94.13
2401,electronics,Basic,BrandB,109.35
2402,electronics,Premium,BrandD,114.03
2403,Electornics,Basic,BrandA,73.22
2404,Electornics,General,BrandA,34.51
2405,electronics,General,BrandB,93.44
2406,Electornics,Basic,BrandC,52.55
2407,Electronics,General,BrandC,100.63
2408,electronics,General,BrandA,87.8
2409,Electronics,Premium,BrandC,101.41
2410,Electornics,Premium,BrandA,90.85
2411,electronics,Basic,BrandC,121.14
2412,Electronics,Premium,BrandD,23.9
2413,Home,Basic,BrandB,60.23
2414,Home,General,BrandC,117.8
2415,electronics,Premium,BrandD,66.03
2416,Electornics,Basic,BrandA,72.47
2417,Electronics,General,BrandD,71.56
2418,Sports,Basic,BrandB,108.46
2419,Home,Basic,BrandB,58.31
2420,Electornics,Premium,BrandD,47.99
2421,Electornics,Premium,BrandB,76.15
2422,Electornics,Basic,BrandC,50.8
2423,Sports,General,BrandB,105.6
2424,Sports,Premium,BrandD,86.12
2425,Home,Premium,BrandB,57.9
2426,Home,General,BrandD,64.65
2427,electronics,General,BrandD,46.74
2428,Sports,Premium,BrandC,85.63
2429,Home,Basic,BrandD,109.95
2430,Home,Premium,BrandB,71.14
2431,Sports,Premium,BrandC,101.07
2432,Home,General,BrandC,104.28
2433,electronics,Basic,BrandB,88.61
2434,Home,Basic,BrandB,122.98
2435,Electornics,Basic,BrandA,41.09
2436,Electronics,Basic,BrandC,122.11
2437,Home,Basic,BrandC,52.46
2438,electronics,Basic,BrandA,128.88
2439,Home,Premium,BrandA,110.55
2440,Home,Premium,BrandD,75.07
2441,electronics,Basic,BrandC,50.31
2442,Home,Premium,BrandC,32.04
2443,Sports,Premium,BrandD,117.71
2444,Home,General,BrandB,153.95
2445,Sports,Premium,BrandD,67.9
2446,Electronics,Basic,BrandD,105.13
2447,electronics,Premium,BrandA,89.1
2448,Electornics,Basic,BrandA,93.84
2449,Home,General,BrandA,49.81
2450,Electornics,Premium,BrandA,135.83
2451,electronics,Basic,BrandC,43.06
2452,electronics,General,BrandB,82.55
2453,Electronics,Premium,BrandB,65.53
2454,electronics,General,BrandB,41.88
2455,Sports,Basic,BrandC,61.93
2456,electronics,Basic,BrandB,79.4
2457,Home,Basic,BrandD,115.74
2458,Electronics,General,BrandA,102.58
2459,Home,General,BrandC,69.09
2460,Home,Basic,BrandD,79.97
2461,Electornics,Premium,BrandB,109.6
2462,Home,Basic,BrandB,87.93
2463,electronics,Basic,BrandB,63.43
2464,electronics,General,BrandC,89.79
2465,Sports,Premium,BrandC,105.58
2466,Electornics,Premium,BrandD,48.85
2467,electronics,Basic,BrandC,71.72
2468,Sports,Basic,BrandB,81.18
2469,electronics,Basic,BrandB,74.25
2470,Electronics,Basic,BrandB,58.02
2471,Electronics,Premium,BrandC,57.95
2472,Electronics,General,BrandD,129.71
2473,Home,Basic,BrandB,141.1
2474,Sports,General,BrandC,69.25
2475,Electronics,Basic,BrandA,15.22
2476,Home,Premium,BrandB,155.24
2477,Home,Basic,BrandC,16.8
2478,Sports,Basic,BrandB,78.47
2479,Sports,Basic,BrandB,83.59
2480,Sports,Premium,BrandB,117.25
2481,Electronics,General,BrandA,60.99
2482,Home,Basic,BrandD,36.08
2483,Electornics,Premium,BrandC,83.97
2484,Electornics,Basic,BrandA,83.88
2485,Sports,Premium,BrandA,43.25
2486,Sports,Basic,BrandD,78.98
2487,Sports,Premium,BrandA,80.59
2488,Electornics,Basic,BrandB,78.43
2489,Sports,Basic,BrandA,21.3
2490,Home,General,BrandD,61.94
2491,Sports,Premium,BrandC,54.16
2492,electronics,Premium,BrandC,65.42
2493,Electornics,General,BrandC,76.59
2494,Electornics,Premium,BrandC,62.96
2495,Sports,Basic,BrandB,97.7
2496,Electronics,General,BrandB,79.39
2497,Sports,Premium,BrandC,90.22
2498,Electronics,Premium,BrandA,77.47
2499,Electronics,Premium,BrandA,128.1
2500,Home,Basic,BrandD,63.72
2501,Electornics,General,BrandA,97.38
2502,Electronics,Basic,BrandC,121.51
2503,electronics,Premium,BrandB,94.33
2504,Home,Premium,BrandC,118.48
2505,electronics,General,BrandD,104.39
2506,electronics,Premium,BrandD,91.31
2507,Sports,Basic,BrandB,111.82
2508,Sports,General,BrandC,100.55
2509,Electronics,General,BrandC,50.23
2510,electronics,Basic,BrandD,64.77
2511,Home,General,BrandA,105.3
2512,electronics,General,BrandB,57.97
2513,Home,Premium,BrandA,95.27
2514,Electronics,Basic,BrandB,104.34
2515,Home,Premium,BrandA,86.19
2516,Electornics,General,BrandD,90.99
2517,electronics,General,BrandA,33.31
2518,Electornics,General,BrandC,56.42
2519,electronics,General,BrandA,56.17
2520,electronics,General,BrandC,63.14
2521,Electronics,Basic,BrandD,77.55
2522,Home,Premium,BrandD,77.08
2523,Sports,Basic,BrandA,116.98
2524,Electornics,Basic,BrandC,114.15
2525,electronics,Premium,BrandC,12.48
2526,electronics,Basic,BrandC,65.77
2527,electronics,General,BrandD,110.25
2528,Sports,Basic,BrandA,119.66
2529,Sports,Premium,BrandB,65.41
2530,Electornics,General,BrandD,62.18
2531,Sports,General,BrandB,95.07
2532,electronics,Basic,BrandA,81.26
2533,electronics,Premium,BrandB,56.49
2534,Sports,General,BrandC,76.59
2535,Home,Basic,BrandB,77.09
2536,Home,General,BrandC,26.49
2537,Home,Basic,BrandC,61.35
2538,electronics,Basic,BrandC,108.06
2539,Electornics,General,BrandC,72.08
2540,electronics,Basic,BrandD,40.75
2541,electronics,General,BrandA,25.12
2542,Sports,General,BrandD,71.9
2543,Electronics,Premium,BrandA,81.31
2544,electronics,General,BrandA,75.61
2545,Electornics,Premium,BrandC,96.87
2546,electronics,Premium,BrandC,48.36
2547,electronics,Premium,BrandC,106.7
2548,Electronics,Basic,BrandB,102.42
2549,electronics,Basic,BrandD,31.49
2550,Electornics,Basic,BrandA,136.0
2551,Electornics,Basic,BrandA,76.06
2552,electronics,Basic,BrandD,51.6
2553,Electornics,General,BrandD,76.85
2554,Electronics,Basic,BrandA,63.24
2555,Electornics,General,BrandC,75.67
2556,Electronics,General,BrandC,41.28
2557,electronics,General,BrandA,51.43
2558,electronics,Premium,BrandC,78.38
2559,electronics,Premium,BrandB,37.01
2560,Home,Premium,BrandC,96.62
2561,electronics,Basic,BrandB,85.74
2562,Electornics,Premium,BrandC,96.68
2563,Sports,Basic,BrandB,40.32
2564,Home,Basic,BrandD,91.38
2565,electronics,Basic,BrandB,122.0
2566,Sports,Basic,BrandB,121.96
2567,Electornics,Basic,BrandD,26.46
2568,Home,General,BrandB,40.91
2569,electronics,General,BrandC,106.66
2570,Home,General,BrandC,88.31
2571,Electronics,Premium,BrandB,104.52
2572,Sports,General,BrandD,101.51
2573,Sports,Premium,BrandD,77.27
2574,Electornics,General,BrandC,113.68
2575,Home,Basic,BrandA,111.58
2576,electronics,Premium,BrandB,124.48
2577,Electronics,Premium,BrandB,72.81
2578,Home,Basic,BrandC,96.47
2579,Home,Basic,BrandA,84.27
2580,Electronics,General,BrandA,50.13
2581,Electornics,Basic,BrandA,59.8
2582,Electronics,Basic,BrandA,86.44
2583,electronics,Premium,BrandC,64.31
2584,Home,Basic,BrandA,60.14
2585,Sports,Basic,BrandD,73.36
2586,Electronics,Premium,BrandA,121.38
2587,Home,Premium,BrandC,55.16
2588,electronics,Basic,BrandA,112.7
2589,Sports,Basic,BrandB,115.34
2590,Home,Basic,BrandC,113.05
2591,Home,General,BrandC,66.14
2592,Electornics,Premium,BrandB,78.09
2593,Sports,Premium,BrandD,82.66
2594,Electornics,Premium,BrandD,78.12
2595,Electronics,General,BrandB,88.19
2596,electronics,Basic,BrandB,89.45
2597,Electronics,Basic,BrandD,108.42
2598,Home,Premium,BrandA,70.35
2599,Sports,Basic,BrandC,69.02
2600,Sports,Basic,BrandA,83.69
2601,Electronics,General,BrandA,27.79
2602,Sports,Basic,BrandD,61.84
2603,Home,Basic,BrandA,87.23
2604,Electornics,Premium,BrandB,92.01
2605,Electornics,Basic,BrandA,87.41
2606,Sports,Premium,BrandD,74.33
2607,Sports,General,BrandA,67.38
2608,Electronics,Basic,BrandA,5.1
2609,Electronics,Basic,BrandC,98.64
2610,Electornics,Premium,BrandC,84.26
2611,Sports,Basic,BrandD,70.91
2612,Electronics,Premium,BrandB,143.88
2613,electronics,Premium,BrandC,107.79
2614,Electornics,General,BrandD,133.08
2615,Electronics,General,BrandA,129.24
2616,Electornics,Basic,BrandC,34.92
2617,Electornics,Basic,BrandA,94.55
2618,Electornics,Premium,BrandC,77.67
2619,Electronics,Premium,BrandD,57.61
2620,Electronics,Basic,BrandC,115.81
2621,Electronics,Premium,BrandA,140.63
2622,Electornics,General,BrandD,77.9
2623,Electornics,Basic,BrandB,47.98
2624,Sports,Premium,BrandD,82.33
2625,Electronics,General,BrandD,47.72
2626,Sports,Premium,BrandD,62.54
2627,Sports,Premium,BrandC,107.32
2628,Home,Premium,BrandD,88.94
2629,electronics,Basic,BrandD,65.95
2630,Sports,Premium,BrandB,66.13
2631,Sports,General,BrandD,40.65
2632,Electornics,General,BrandA,110.32
2633,Electornics,Basic,BrandD,82.34
2634,Home,Premium,BrandD,76.7
2635,Electronics,Premium,BrandD,81.1
2636,Electronics,Premium,BrandD,77.46
2637,Home,Premium,BrandB,96.88
2638,Electornics,Premium,BrandD,98.38
2639,Electronics,Basic,BrandD,105.65
2640,Electronics,General,BrandD,66.34
2641,Electornics,General,BrandD,166.47
2642,electronics,General,BrandC,116.3
2643,Electornics,General,BrandD,125.27
2644,Sports,General,BrandC,79.51
2645,Electronics,Basic,BrandD,49.67
2646,Sports,General,BrandA,75.56
2647,Sports,Premium,BrandA,49.07
2648,Electornics,General,BrandB,107.93
2649,electronics,Premium,BrandD,135.24
2650,electronics,General,BrandC,61.31
2651,Sports,General,BrandA,77.53
2652,Electronics,Premium,BrandB,122.3
2653,Electronics,Premium,BrandC,49.71
2654,Electornics,Basic,BrandA,90.16
2655,Home,General,BrandC,65.86
2656,Home,General,BrandD,60.68
2657,Home,Premium,BrandA,123.82
2658,Electornics,General,BrandB,116.9
2659,Sports,Basic,BrandD,65.62
2660,electronics,Premium,BrandC,75.0
2661,Sports,General,BrandD,70.38
2662,Home,Basic,BrandB,104.62
2663,Sports,Basic,BrandB,34.55
2664,Home,Premium,BrandC,112.79
2665,Electronics,Basic,BrandC,69.93
2666,Sports,General,BrandA,75.75
2667,Electronics,General,BrandA,81.29
2668,Electronics,Basic,BrandC,31.61
2669,Electornics,Basic,BrandD,65.97
2670,Electornics,General,BrandB,107.14
2671,Home,General,BrandD,72.46
2672,Sports,Basic,BrandB,164.38
2673,Home,Premium,BrandA,112.07
2674,Home,General,BrandA,31.5
2675,Home,Premium,BrandC,123.62
2676,Sports,General,BrandC,50.61
2677,electronics,General,BrandC,50.41
2678,electronics,General,BrandA,40.34
2679,Sports,General,BrandC,108.21
2680,Sports,Basic,BrandA,96.93
2681,Sports,General,BrandC,55.08
2682,Home,General,BrandC,65.16
2683,Sports,Premium,BrandC,112.47
2684,Sports,Premium,BrandA,96.11
2685,Electornics,Basic,BrandD,114.91
2686,Sports,General,BrandC,82.9
2687,electronics,Premium,BrandD,67.96
2688,Electronics,Basic,BrandA,153.41
2689,Electronics,General,BrandD,182.92
2690,Home,General,BrandB,32.54
2691,electronics,General,BrandA,112.95
2692,electronics,Basic,BrandA,92.88
2693,electronics,Premium,BrandB,108.91
2694,electronics,Premium,BrandD,90.28
2695,Electronics,Basic,BrandC,60.16
2696,Sports,General,BrandD,49.31
2697,Electornics,Premium,BrandD,80.85
2698,Electornics,General,BrandB,44.77
2699,Home,General,BrandC,55.72
2700,Electornics,Premium,BrandB,50.67
2701,Sports,General,BrandD,125.33
2702,Electornics,Premium,BrandB,97.06
2703,Sports,Premium,BrandD,112.55
2704,Electronics,Basic,BrandB,82.2
2705,Electornics,Basic,BrandA,116.46
2706,Electronics,Premium,BrandD,58.64
2707,electronics,General,BrandA,58.7
2708,electronics,General,BrandB,99.69
2709,Sports,Premium,BrandC,76.39
2710,Home,General,BrandB,63.94
2711,Electornics,Basic,BrandD,20.87
2712,Electronics,General,BrandC,86.17
2713,Electornics,Premium,BrandC,74.58
2714,Home,General,BrandC,77.32
2715,Sports,Basic,BrandB,111.75
2716,Electornics,General,BrandD,64.72
2717,Electronics,Basic,BrandD,104.14
2718,Electornics,Basic,BrandB,0.34
2719,Electornics,General,BrandA,96.24
2720,Electronics,Basic,BrandB,83.63
2721,Home,Premium,BrandA,75.64
2722,Sports,Premium,BrandC,55.32
2723,Electronics,General,BrandB,69.99
2724,Electornics,Basic,BrandB,96.39
2725,Electornics,Premium,BrandB,87.49
2726,Sports,Basic,BrandD,113.67
2727,Home,Basic,BrandA,57.55
2728,Electronics,Basic,BrandA,54.47
2729,Sports,Basic,BrandD,66.59
2730,Sports,Basic,BrandC,70.3
2731,Electornics,General,BrandB,94.52
2732,Sports,Premium,BrandB,98.92
2733,Sports,Basic,BrandC,71.86
2734,electronics,Premium,BrandD,57.87
2735,Home,Basic,BrandA,115.14
2736,Electronics,Premium,BrandA,46.64
2737,electronics,Premium,BrandA,65.05
2738,Sports,Premium,BrandA,116.57
2739,Electronics,General,BrandA,101.34
2740,Electronics,Basic,BrandA,87.21
2741,Electornics,General,BrandB,22.14
2742,electronics,Premium,BrandB,33.1
2743,Home,Premium,BrandC,53.98
2744,Electornics,Basic,BrandB,16.85
2745,electronics,Premium,BrandD,83.67
2746,Electronics,Premium,BrandA,96.06
2747,Electronics,Premium,BrandA,87.83
2748,Home,General,BrandC,84.67
2749,Home,Basic,BrandA,81.15
2750,Electronics,Premium,BrandB,138.32
2751,Electornics,Basic,BrandD,83.54
2752,Sports,Basic,BrandA,25.77
2753,Electornics,Premium,BrandD,111.23
2754,Electronics,General,BrandB,38.15
2755,electronics,Basic,BrandC,136.3
2756,Electronics,Basic,BrandA,149.95
2757,Home,Basic,BrandC,88.13
2758,Electornics,Premium,BrandD,81.58
2759,Electronics,Premium,BrandD,55.86
2760,electronics,Premium,BrandD,50.88
2761,Home,Basic,BrandD,98.63
2762,Home,Basic,BrandA,100.15
2763,Home,Basic,BrandC,103.03
2764,Home,Basic,BrandC,80.14
2765,Electronics,Basic,BrandD,58.85
2766,Electornics,Basic,BrandA,64.01
2767,Sports,Premium,BrandC,52.98
2768,Sports,General,BrandB,92.82
2769,Electornics,Basic,BrandA,89.44
2770,Electronics,General,BrandC,121.45
2771,Home,Premium,BrandD,98.64
2772,Home,Basic,BrandB,35.65
2773,electronics,General,BrandA,46.33
2774,Electornics,Premium,BrandA,33.13
2775,Electronics,Premium,BrandB,124.71
2776,electronics,General,BrandD,53.22
2777,Sports,Premium,BrandA,101.34
2778,electronics,General,BrandB,105.25
2779,Home,Basic,BrandB,10.33
2780,Sports,Basic,BrandD,60.32
2781,Electronics,Basic,BrandA,65.57
2782,Sports,Basic,BrandC,128.59
2783,Home,Premium,BrandC,87.6
2784,Electornics,General,BrandD,91.02
2785,Sports,General,BrandB,39.81
2786,electronics,General,BrandB,138.64
2787,electronics,Basic,BrandA,71.59
2788,Home,General,BrandA,127.34
2789,Electornics,General,BrandD,102.38
2790,Sports,Basic,BrandB,28.88
2791,Sports,Basic,BrandA,83.63
2792,Sports,Premium,BrandC,115.01
2793,Home,Premium,BrandA,96.5
2794,electronics,General,BrandB,100.76
2795,Sports,Basic,BrandD,68.23
2796,electronics,General,BrandB,72.87
2797,Home,Premium,BrandD,91.29
2798,electronics,Premium,BrandC,102.16
2799,Home,Basic,BrandC,109.71
2800,Electronics,Basic,BrandB,137.53
2801,Electornics,Basic,BrandC,99.16
2802,Electronics,Basic,BrandB,74.32
2803,Sports,Basic,BrandA,85.92
2804,Home,General,BrandD,99.13
2805,Electronics,Basic,BrandB,28.61
2806,electronics,Premium,BrandA,111.15
2807,Home,Premium,BrandD,109.36
2808,electronics,Premium,BrandC,59.96
2809,Electronics,General,BrandB,107.59
2810,electronics,Basic,BrandD,90.4
2811,Sports,Premium,BrandB,62.77
2812,Electornics,Basic,BrandD,102.96
2813,Electronics,Premium,BrandD,95.79
2814,Sports,General,BrandC,70.63
2815,Electornics,Basic,BrandA,88.82
2816,Electornics,Basic,BrandC,72.66
2817,Sports,Premium,BrandC,62.95
2818,Electornics,Basic,BrandC,93.97
2819,Electornics,Premium,BrandA,109.98
2820,Sports,Basic,BrandB,98.59
2821,Electronics,Basic,BrandA,55.54
2822,Home,General,BrandD,108.56
2823,Sports,Basic,BrandC,58.23
2824,Electornics,General,BrandC,134.2
2825,electronics,Basic,BrandD,85.02
2826,electronics,Premium,BrandD,34.14
2827,Sports,Premium,BrandC,77.54
2828,Home,Premium,BrandD,93.87
2829,electronics,Premium,BrandC,45.83
2830,Electronics,Basic,BrandA,72.98
2831,electronics,Basic,BrandC,132.02
2832,Electornics,Basic,BrandC,96.17
2833,Home,Premium,BrandB,46.34
2834,Sports,Basic,BrandD,48.08
2835,electronics,General,BrandC,101.38
2836,Sports,Basic,BrandB,51.96
2837,Electronics,Basic,BrandD,72.0
2838,Electornics,General,BrandB,55.62
2839,electronics,General,BrandA,84.44
2840,Electornics,Premium,BrandC,40.62
2841,Home,Premium,BrandB,4.4
2842,Electronics,Premium,BrandC,122.28
2843,Electronics,Premium,BrandC,89.31
2844,Electornics,General,BrandD,117.79
2845,Electronics,Basic,BrandA,59.09
2846,Sports,Basic,BrandB,67.78
2847,Sports,Basic,BrandB,70.65
2848,electronics,General,BrandB,86.87
2849,Electronics,Premium,BrandA,128.65
2850,Sports,General,BrandB,71.78
2851,Electronics,Premium,BrandA,83.34
2852,Sports,General,BrandD,100.95
2853,Electornics,Basic,BrandD,68.47
2854,Sports,General,BrandB,121.13
2855,Electronics,General,BrandB,64.37
2856,Sports,General,BrandA,64.4
2857,Electornics,Premium,BrandB,103.08
2858,Home,Basic,BrandA,54.98
2859,Home,General,BrandD,45.83
2860,electronics,Basic,BrandC,66.18
2861,electronics,General,BrandD,28.65
2862,Electronics,General,BrandC,72.24
2863,electronics,Premium,BrandA,122.56
2864,Home,Premium,BrandD,108.2
2865,Electornics,Premium,BrandB,94.07
2866,Electronics,Basic,BrandD,57.65
2867,Sports,Basic,BrandD,77.53
2868,Electronics,Premium,BrandC,71.63
2869,Electornics,Basic,BrandB,90.64
2870,Electornics,Premium,BrandA,52.15
2871,Electornics,General,BrandC,25.72
2872,Home,General,BrandA,72.13
2873,Sports,Basic,BrandC,119.26
2874,Electronics,General,BrandC,70.69
2875,electronics,Premium,BrandB,61.48
2876,Electronics,General,BrandB,70.81
2877,electronics,General,BrandB,26.33
2878,electronics,Premium,BrandB,50.63
2879,electronics,Basic,BrandD,76.85
2880,Home,Basic,BrandD,135.56
2881,electronics,Basic,BrandD,95.19
2882,Electronics,Basic,BrandA,95.89
2883,Sports,Basic,BrandA,49.14
2884,Electornics,Basic,BrandA,93.92
2885,Electronics,Basic,BrandA,103.21
2886,Home,Basic,BrandC,105.41
2887,Electornics,Basic,BrandD,104.42
2888,Home,Basic,BrandD,83.71
2889,Electronics,General,BrandB,89.95
2890,Electronics,Basic,BrandA,95.09
2891,electronics,Premium,BrandD,77.83
2892,Electornics,Premium,BrandD,43.58
2893,electronics,General,BrandD,115.33
2894,Home,General,BrandC,80.16
2895,electronics,General,BrandA,94.81
2896,Sports,Premium,BrandD,67.69
2897,Electornics,Basic,BrandD,39.07
2898,Electronics,General,BrandD,-12.08
2899,Electornics,Basic,BrandD,118.39
2900,Electornics,General,BrandA,59.04
2901,Electronics,Basic,BrandA,84.7
2902,Sports,General,BrandC,56.82
2903,Home,Basic,BrandB,145.99
2904,electronics,Premium,BrandA,135.1
2905,Electornics,Basic,BrandA,98.49
2906,Sports,General,BrandB,104.79
2907,electronics,General,BrandB,104.76
2908,Electronics,Premium,BrandC,24.55
2909,Home,Premium,BrandB,67.06
2910,Home,Premium,BrandD,73.45
2911,Home,Premium,BrandA,58.82
2912,Electronics,Basic,BrandD,61.14
2913,Home,General,BrandD,12.99
2914,Electornics,Premium,BrandC,67.23
2915,Electronics,Basic,BrandA,96.69
2916,electronics,General,BrandC,47.89
2917,Sports,Premium,BrandD,22.59
2918,electronics,General,BrandA,126.1
2919,electronics,Basic,BrandA,25.08
2920,Electornics,General,BrandB,63.27
2921,electronics,Premium,BrandB,110.08
2922,Sports,General,BrandD,99.2
2923,electronics,General,BrandB,96.04
2924,Sports,Premium,BrandB,95.98
2925,Electronics,General,BrandD,78.32
2926,electronics,Basic,BrandB,67.02
2927,Electornics,Basic,BrandD,100.39
2928,Sports,General,BrandC,96.45
2929,Sports,Basic,BrandB,49.91
2930,Sports,Basic,BrandB,152.15
2931,Home,General,BrandB,42.45
2932,Sports,Basic,BrandA,60.35
2933,Electornics,Premium,BrandC,103.81
2934,Electronics,Basic,BrandB,70.82
2935,Sports,General,BrandC,99.58
2936,Home,General,BrandB,-10.3
2937,Electronics,Premium,BrandD,88.65
2938,Electronics,General,BrandB,139.84
2939,Electornics,Basic,BrandB,77.92
2940,Electronics,General,BrandB,117.41
2941,Electornics,Premium,BrandC,108.43
2942,Sports,Premium,BrandC,26.11
2943,Home,Premium,BrandC,69.55
2944,Home,General,BrandD,59.52
2945,Sports,Basic,BrandB,85.67
2946,Electornics,Premium,BrandB,61.03
2947,electronics,General,BrandA,57.9
2948,Electornics,General,BrandB,84.45
2949,Electronics,General,BrandB,102.07
2950,Home,Premium,BrandC,98.79
2951,Electronics,General,BrandA,109.71
2952,Home,General,BrandA,58.89
2953,electronics,Premium,BrandD,95.12
2954,electronics,Premium,BrandB,42.3
2955,Home,Basic,BrandB,78.6
2956,Home,Basic,BrandD,-33.61
2957,Electronics,General,BrandC,122.94
2958,electronics,Premium,BrandD,86.92
2959,electronics,Premium,BrandC,83.78
2960,Electornics,Premium,BrandD,45.69
2961,Electronics,Premium,BrandD,81.31
2962,Electornics,Basic,BrandB,76.04
2963,Electronics,Basic,BrandD,62.0
2964,Home,General,BrandD,74.97
2965,Sports,Premium,BrandD,101.86
2966,electronics,Basic,BrandD,87.33
2967,Home,Basic,BrandA,105.78
2968,Electornics,Premium,BrandA,101.34
2969,Sports,General,BrandD,78.48
2970,Sports,Premium,BrandA,45.28
2971,electronics,Premium,BrandC,48.88
2972,electronics,General,BrandC,78.22
2973,Home,Premium,BrandB,155.01
2974,Electronics,Premium,BrandA,35.43
2975,electronics,Premium,BrandB,109.17
2976,Electronics,Premium,BrandA,81.76
2977,Electornics,Basic,BrandA,3.15
2978,Home,Basic,BrandB,103.71
2979,electronics,Premium,BrandD,77.37
2980,Sports,General,BrandD,87.38
2981,electronics,Basic,BrandA,76.32
2982,Electornics,General,BrandA,79.73
2983,Electronics,Premium,BrandC,151.94
2984,Electronics,Basic,BrandA,30.96
2985,electronics,Premium,BrandA,59.61
2986,Electornics,Basic,BrandC,113.3
2987,Home,Basic,BrandD,113.02
2988,electronics,Premium,BrandD,80.78
2989,Electornics,Basic,BrandB,127.08
2990,Electornics,Premium,BrandB,62.72
2991,Electronics,Premium,BrandC,119.82
2992,electronics,General,BrandB,53.34
2993,Home,Basic,BrandD,50.26
2994,Electornics,General,BrandD,26.95
2995,electronics,General,BrandA,44.95
2996,Sports,Basic,BrandB,99.72
2997,Home,General,BrandB,141.84
2998,Sports,General,BrandC,53.65
2999,electronics,Premium,BrandA,46.21
3000,Electronics,Premium,BrandB,89.71
3001,Sports,Basic,BrandA,103.31
3002,Home,Basic,BrandD,78.01
3003,Sports,Premium,BrandD,56.99
3004,Home,Premium,BrandA,52.85
3005,Sports,Basic,BrandB,60.29
3006,Electronics,Premium,BrandD,94.49
3007,Home,Premium,BrandA,50.81
3008,Electronics,General,BrandB,88.41
3009,electronics,General,BrandA,101.83
3010,Electornics,Basic,BrandC,137.52
3011,Electornics,Basic,BrandB,47.32
3012,Sports,General,BrandB,61.14
3013,Home,Basic,BrandD,91.52
3014,Electornics,Premium,BrandA,83.5
3015,Home,Basic,BrandA,103.91
3016,electronics,Premium,BrandB,82.0
3017,Home,Premium,BrandD,126.28
3018,Electornics,Basic,BrandB,60.41
3019,Sports,Premium,BrandC,72.63
3020,electronics,Basic,BrandA,82.06
3021,Sports,General,BrandB,61.83
3022,Electronics,General,BrandA,81.1
3023,Sports,General,BrandB,54.99
3024,Sports,General,BrandB,142.56
3025,electronics,Premium,BrandC,75.28
3026,Sports,General,BrandA,132.64
3027,electronics,General,BrandD,109.51
3028,Electronics,Basic,BrandC,46.17
3029,Sports,Premium,BrandC,55.12
3030,Electornics,General,BrandD,104.82
3031,Sports,Premium,BrandA,68.13
3032,Sports,Basic,BrandA,94.85
3033,Sports,Basic,BrandC,137.76
3034,Sports,Premium,BrandD,121.56
3035,Electronics,Premium,BrandD,103.18
3036,Sports,General,BrandA,115.89
3037,Electornics,Premium,BrandA,79.56
3038,Home,Premium,BrandD,46.26
3039,Sports,Basic,BrandA,20.82
3040,Home,Premium,BrandD,94.99
3041,electronics,Basic,BrandB,65.63
3042,electronics,Premium,BrandD,90.64
3043,Electornics,Basic,BrandB,5.3
3044,Home,General,BrandB,20.04
3045,Electornics,Premium,BrandC,53.12
3046,Sports,Premium,BrandC,107.66
3047,Electronics,Basic,BrandB,68.43
3048,Sports,Premium,BrandD,59.66
3049,Electornics,Basic,BrandD,133.0
3050,Electronics,Basic,BrandD,94.67
3051,Electronics,Premium,BrandC,101.02
3052,Home,Basic,BrandD,116.71
3053,Sports,Premium,BrandB,130.07
3054,Sports,Premium,BrandA,69.59
3055,Electornics,Premium,BrandD,99.99
3056,Home,Basic,BrandC,111.74
3057,Sports,General,BrandD,46.44
3058,Home,Premium,BrandB,136.05
3059,electronics,General,BrandB,85.25
3060,Home,General,BrandA,98.58
3061,Home,Basic,BrandD,45.33
3062,Electornics,General,BrandB,84.26
3063,Home,Basic,BrandB,68.38
3064,Electornics,Premium,BrandC,65.71
3065,electronics,Premium,BrandC,86.46
3066,Sports,General,BrandA,32.35
3067,Electornics,Basic,BrandD,106.08
3068,Sports,General,BrandA,16.77
3069,Home,Basic,BrandA,105.72
3070,Home,Basic,BrandB,31.03
3071,Home,Premium,BrandA,110.57
3072,electronics,Premium,BrandB,106.92
3073,electronics,Premium,BrandD,96.97
3074,Sports,General,BrandC,42.83
3075,Sports,Basic,BrandA,131.29
3076,Sports,Basic,BrandC,36.1
3077,Home,Premium,BrandC,85.82
3078,electronics,Basic,BrandC,86.28
3079,electronics,Basic,BrandC,71.64
3080,electronics,Premium,BrandD,115.68
3081,Electronics,Premium,BrandB,116.54
3082,Electornics,General,BrandA,39.17
3083,electronics,General,BrandC,65.29
3084,electronics,General,BrandD,50.97
3085,Sports,Premium,BrandD,58.27
3086,Sports,Basic,BrandD,38.04
3087,Home,General,BrandA,57.7
3088,electronics,Premium,BrandA,103.75
3089,Sports,General,BrandA,113.33
3090,Electronics,General,BrandA,96.81
3091,Electronics,Premium,BrandB,45.86
3092,Sports,Basic,BrandD,91.71
3093,Electornics,Premium,BrandD,161.51
3094,electronics,General,BrandC,106.78
3095,electronics,Premium,BrandB,125.47
3096,Home,Basic,BrandC,52.43
3097,electronics,General,BrandD,89.05
3098,Electronics,Premium,BrandD,67.67
3099,electronics,Premium,BrandB,104.94
3100,Electronics,Basic,BrandC,81.45
3101,Home,Premium,BrandD,55.03
3102,Sports,General,BrandB,99.42
3103,Sports,Premium,BrandA,80.09
3104,electronics,Basic,BrandD,107.56
3105,Home,Premium,BrandD,64.72
3106,Sports,Basic,BrandC,107.94
3107,Electronics,Basic,BrandC,-1.86
3108,Sports,Premium,BrandD,87.28
3109,Electronics,Basic,BrandA,60.12
3110,electronics,General,BrandB,67.8
3111,Electornics,Basic,BrandD,52.94
3112,Sports,Premium,BrandA,67.09
3113,Sports,General,BrandB,62.99
3114,Home,General,BrandA,105.17
3115,Electronics,General,BrandC,73.18
3116,Electronics,General,BrandD,85.45
3117,Home,Basic,BrandD,63.44
3118,Electronics,Basic,BrandC,88.54
3119,Electornics,General,BrandC,81.61
3120,electronics,Basic,BrandA,71.69
3121,Electronics,General,BrandA,109.86
3122,Electornics,General,BrandC,84.16
3123,Home,Premium,BrandB,81.56
3124,Electornics,Premium,BrandC,113.94
3125,Home,Premium,BrandC,56.19
3126,Electronics,Basic,BrandD,160.34
3127,electronics,Premium,BrandD,111.48
3128,Sports,Basic,BrandB,83.37
3129,Home,Basic,BrandA,127.38
3130,Sports,Premium,BrandD,104.56
3131,Sports,General,BrandD,71.86
3132,electronics,Basic,BrandA,69.95
3133,Electronics,Premium,BrandB,70.66
3134,Electornics,Premium,BrandA,103.79
3135,Electronics,Premium,BrandB,123.36
3136,electronics,General,BrandA,105.5
3137,Sports,Basic,BrandB,36.8
3138,Home,Basic,BrandD,116.67
3139,electronics,Basic,BrandC,110.03
3140,electronics,Basic,BrandD,158.83
3141,Electornics,Basic,BrandA,62.19
3142,electronics,Premium,BrandA,64.04
3143,electronics,Premium,BrandB,68.89
3144,electronics,General,BrandC,53.91
3145,Sports,General,BrandA,62.7
3146,Home,Basic,BrandA,91.11
3147,electronics,General,BrandA,113.95
3148,electronics,Premium,BrandA,19.85
3149,Electornics,Premium,BrandB,81.22
3150,Sports,Premium,BrandB,111.95
3151,Home,Premium,BrandC,47.96
3152,Sports,Premium,BrandC,51.93
3153,Electronics,General,BrandC,110.33
3154,Electronics,Basic,BrandC,69.13
3155,electronics,Basic,BrandD,77.9
3156,Home,Premium,BrandD,78.53
3157,Electornics,Basic,BrandB,100.74
3158,Electronics,Basic,BrandC,102.95
3159,Electronics,Premium,BrandC,60.18
3160,Home,General,BrandA,112.7
3161,electronics,Premium,BrandA,51.33
3162,Electronics,Premium,BrandA,69.61
3163,Home,Premium,BrandB,110.68
3164,Sports,Basic,BrandB,45.96
3165,Electronics,General,BrandB,33.06
3166,Home,Basic,BrandC,26.0
3167,electronics,Premium,BrandD,43.68
3168,Home,Premium,BrandB,103.96
3169,electronics,Premium,BrandA,55.47
3170,Electronics,Basic,BrandB,115.31
3171,Electornics,Premium,BrandD,65.63
3172,electronics,Premium,BrandA,99.64
3173,Home,General,BrandD,84.45
3174,Electornics,Premium,BrandD,64.43
3175,Electronics,Basic,BrandD,93.07
3176,Electronics,Basic,BrandA,82.2
3177,Home,General,BrandB,66.31
3178,electronics,General,BrandB,71.06
3179,Electornics,Premium,BrandC,83.02
3180,electronics,General,BrandA,60.6
3181,Electronics,Basic,BrandA,92.71
3182,Sports,Premium,BrandC,65.81
3183,Home,Basic,BrandA,36.47
3184,Sports,Premium,BrandC,72.64
3185,Sports,Premium,BrandA,68.42
3186,Electornics,Basic,BrandB,67.92
3187,Home,Premium,BrandD,110.88
3188,electronics,General,BrandD,16.99
3189,Electronics,Basic,BrandC,96.16
3190,Electronics,Premium,BrandA,78.17
3191,Sports,General,BrandD,116.63
3192,Electronics,Basic,BrandC,59.39
3193,Electronics,General,BrandD,70.39
3194,Electornics,General,BrandD,81.7
3195,Home,General,BrandA,105.17
3196,Electornics,General,BrandC,38.38
3197,Electronics,Basic,BrandC,32.12
3198,Electornics,Basic,BrandA,75.54
3199,Electornics,General,BrandC,88.18
3200,Sports,Premium,BrandB,117.95
3201,Sports,Basic,BrandB,120.45
3202,Sports,Premium,BrandC,110.27
3203,Home,Basic,BrandC,28.57
3204,Electornics,Premium,BrandA,85.28
3205,electronics,Basic,BrandD,54.93
3206,Sports,General,BrandA,124.14
3207,Electronics,General,BrandB,46.35
3208,Electornics,Premium,BrandC,56.29
3209,electronics,General,BrandA,92.41
3210,Sports,Basic,BrandB,63.8
3211,Sports,Premium,BrandB,69.41
3212,Electornics,Basic,BrandB,161.38
3213,Electornics,Basic,BrandB,84.93
3214,Sports,Premium,BrandC,65.97
3215,Electronics,Premium,BrandC,47.47
3216,Home,Premium,BrandB,126.44
3217,Electronics,Basic,BrandD,109.59
3218,electronics,General,BrandB,116.88
3219,Sports,Premium,BrandA,126.79
3220,Electornics,Basic,BrandB,75.34
3221,Home,Basic,BrandA,58.03
3222,Electornics,Basic,BrandB,72.9
3223,Electronics,General,BrandC,63.78
3224,Home,Premium,BrandD,44.04
3225,electronics,Basic,BrandA,66.36
3226,electronics,Premium,BrandD,151.55
3227,Sports,Premium,BrandC,148.43
3228,Sports,Basic,BrandD,61.3
3229,Electornics,Basic,BrandB,88.89
3230,Electornics,Premium,BrandD,75.61
3231,Electronics,Basic,BrandB,109.18
3232,Sports,Premium,BrandD,47.53
3233,Electornics,Basic,BrandD,87.27
3234,Electronics,Premium,BrandB,28.68
3235,Home,Premium,BrandB,68.89
3236,Home,General,BrandA,101.29
3237,Electronics,Basic,BrandD,84.68
3238,electronics,General,BrandC,33.05
3239,Home,Premium,BrandC,63.36
3240,Home,Premium,BrandA,92.71
3241,electronics,Basic,BrandA,49.66
3242,electronics,Premium,BrandB,72.61
3243,Electornics,General,BrandA,69.26
3244,Electronics,Basic,BrandD,103.24
3245,Sports,General,BrandB,38.21
3246,Electronics,Premium,BrandD,107.82
3247,Electornics,Premium,BrandC,96.68
3248,Electronics,Premium,BrandC,110.02
3249,electronics,Basic,BrandA,125.72
3250,Sports,Premium,BrandA,45.88
3251,Electronics,General,BrandC,80.54
3252,Home,General,BrandB,117.19
3253,electronics,General,BrandD,121.9
3254,Electornics,General,BrandB,69.79
3255,Home,General,BrandD,100.39
3256,Home,Premium,BrandD,101.21
3257,Home,Basic,BrandD,81.51
3258,Sports,Basic,BrandC,65.72
3259,electronics,General,BrandC,100.9
3260,electronics,General,BrandC,123.03
3261,Sports,General,BrandA,77.48
3262,Electronics,General,BrandA,100.89
3263,Electornics,General,BrandB,25.66
3264,electronics,General,BrandB,86.89
3265,electronics,Basic,BrandD,69.22
3266,Electronics,General,BrandA,-14.02
3267,Sports,Premium,BrandC,70.92
3268,Electronics,Basic,BrandB,124.25
3269,Electornics,Basic,BrandA,85.89
3270,electronics,Premium,BrandA,68.78
3271,Electornics,Premium,BrandB,62.14
3272,Electornics,Premium,BrandA,82.52
3273,Sports,General,BrandD,67.05
3274,Electornics,Basic,BrandD,123.51
3275,electronics,Premium,BrandA,73.92
3276,Electronics,Basic,BrandC,44.33
3277,electronics,Premium,BrandD,53.58
3278,Sports,Premium,BrandC,37.45
3279,Sports,General,BrandA,83.05
3280,electronics,Premium,BrandC,139.1
3281,electronics,Premium,BrandB,34.45
3282,Electornics,General,BrandD,100.13
3283,electronics,Premium,BrandD,107.42
3284,Sports,Premium,BrandD,34.23
3285,Electornics,Premium,BrandC,86.82
3286,Sports,General,BrandB,52.41
3287,Electronics,General,BrandB,102.15
3288,Electronics,Basic,BrandD,47.08
3289,Electronics,Basic,BrandB,97.12
3290,Sports,Premium,BrandA,52.93
3291,Electornics,Basic,BrandB,94.0
3292,electronics,General,BrandA,22.28
3293,Sports,General,BrandD,77.22
3294,electronics,General,BrandA,88.76
3295,Home,Basic,BrandB,126.43
3296,Electronics,General,BrandA,79.64
3297,Sports,Premium,BrandD,45.87
3298,Home,Premium,BrandA,85.73
3299,Home,Basic,BrandD,82.61
3300,Electornics,Basic,BrandA,131.14
3301,Electornics,Premium,BrandD,78.27
3302,Electronics,Basic,BrandC,87.41
3303,Home,Premium,BrandB,80.98
3304,electronics,Premium,BrandA,72.13
3305,Sports,Premium,BrandD,127.11
3306,Home,General,BrandA,128.05
3307,Electronics,General,BrandC,99.66
3308,Electornics,Premium,BrandB,59.52
3309,Electronics,General,BrandC,96.23
3310,Sports,Premium,BrandA,106.28
3311,electronics,Premium,BrandA,79.35
3312,Home,Premium,BrandB,53.75
3313,Electronics,Basic,BrandA,97.86
3314,Home,Basic,BrandA,57.59
3315,Electronics,Basic,BrandB,133.52
3316,Electronics,Basic,BrandB,78.5
3317,Sports,Basic,BrandA,114.18
3318,Electornics,Premium,BrandD,94.95
3319,Home,Basic,BrandC,131.48
3320,Electronics,Premium,BrandC,135.09
3321,Home,Premium,BrandC,110.55
3322,electronics,Premium,BrandA,128.37
3323,Electornics,Basic,BrandC,58.12
3324,Electronics,Premium,BrandC,43.96
3325,electronics,Premium,BrandD,62.31
3326,Electornics,Premium,BrandD,54.48
3327,Electornics,Basic,BrandA,71.59
3328,Electronics,General,BrandD,81.63
3329,electronics,General,BrandA,56.77
3330,electronics,Premium,BrandC,68.06
3331,Electornics,Basic,BrandB,132.01
3332,Home,General,BrandD,60.94
3333,Electronics,Premium,BrandD,63.92
3334,electronics,Basic,BrandB,87.16
3335,Sports,Premium,BrandD,94.87
3336,electronics,Basic,BrandC,128.25
3337,electronics,Basic,BrandD,95.09
3338,Electronics,Premium,BrandB,77.8
3339,Sports,General,BrandB,69.63
3340,Sports,Premium,BrandC,105.56
3341,Electronics,Premium,BrandD,31.29
3342,electronics,Basic,BrandC,121.46
3343,Electornics,Basic,BrandB,117.99
3344,Home,General,BrandD,42.22
3345,Sports,Basic,BrandA,76.57
3346,Sports,General,BrandA,101.71
3347,electronics,Premium,BrandB,76.47
3348,Home,Basic,BrandD,70.91
3349,Electornics,General,BrandD,94.46
3350,electronics,Premium,BrandC,154.82
3351,electronics,Premium,BrandA,73.92
3352,Sports,Basic,BrandA,71.68
3353,Electornics,Premium,BrandC,104.05
3354,Electronics,Premium,BrandB,99.88
3355,electronics,General,BrandB,59.34
3356,Home,Premium,BrandB,27.86
3357,Sports,Basic,BrandB,69.17
3358,electronics,Basic,BrandA,40.52
3359,Home,General,BrandA,54.59
3360,Electornics,Premium,BrandA,74.94
3361,Home,Premium,BrandA,103.41
3362,Electronics,Basic,BrandA,16.35
3363,Electornics,Basic,BrandA,70.74
3364,Electornics,Basic,BrandA,36.33
3365,Electornics,General,BrandD,59.3
3366,Electornics,Basic,BrandC,109.71
3367,Sports,General,BrandA,127.79
3368,Home,Basic,BrandA,9.67
3369,Home,Premium,BrandC,66.34
3370,Sports,General,BrandA,90.11
3371,electronics,General,BrandD,124.24
3372,Electronics,Premium,BrandB,49.25
3373,electronics,Premium,BrandA,143.91
3374,Home,Premium,BrandD,88.88
3375,electronics,Premium,BrandB,87.59
3376,Electronics,Premium,BrandD,76.68
3377,Sports,Basic,BrandA,101.98
3378,Sports,Premium,BrandA,125.07
3379,Electornics,Basic,BrandA,72.24
3380,Sports,Premium,BrandB,122.58
3381,Home,General,BrandB,77.91
3382,electronics,Basic,BrandD,116.53
3383,Electronics,Basic,BrandC,44.25
3384,Electornics,General,BrandA,77.25
3385,electronics,Premium,BrandC,123.12
3386,Electronics,Premium,BrandC,80.3
3387,Sports,General,BrandA,73.79
3388,Electronics,General,BrandD,104.03
3389,Electornics,General,BrandA,78.42
3390,Sports,Premium,BrandD,61.67
3391,Electornics,Basic,BrandA,65.79
3392,Sports,General,BrandD,89.16
3393,Electronics,General,BrandC,61.46
3394,Electornics,Basic,BrandC,68.27
3395,Electronics,Basic,BrandB,56.22
3396,electronics,Basic,BrandB,111.86
3397,Home,Basic,BrandA,82.28
3398,Electronics,General,BrandC,36.81
3399,Home,Basic,BrandC,107.89
3400,Electornics,General,BrandD,55.28
3401,Electronics,General,BrandB,95.28
3402,Electronics,Basic,BrandC,119.21
3403,Home,Premium,BrandD,39.6
3404,Home,General,BrandD,76.22
3405,Sports,General,BrandA,65.4
3406,Electronics,Basic,BrandA,51.02
3407,Sports,Premium,BrandC,46.81
3408,Electornics,Premium,BrandD,81.9
3409,Sports,Premium,BrandC,62.96
3410,electronics,Premium,BrandC,47.61
3411,Electronics,Premium,BrandD,87.37
3412,Home,General,BrandC,82.28
3413,Sports,General,BrandD,127.44
3414,Home,General,BrandC,85.07
3415,Electronics,Premium,BrandB,68.26
3416,Sports,General,BrandB,75.06
3417,Sports,General,BrandA,101.18
3418,Home,Premium,BrandD,62.43
3419,Sports,Basic,BrandD,69.47
3420,Sports,Basic,BrandB,59.7
3421,Sports,General,BrandB,86.07
3422,Electronics,General,BrandB,30.99
3423,electronics,Basic,BrandB,93.92
3424,electronics,General,BrandC,69.44
3425,electronics,General,BrandC,86.87
3426,Electornics,General,BrandC,110.91
3427,Home,Premium,BrandD,92.85
3428,Electornics,Premium,BrandA,65.28
3429,Sports,Basic,BrandA,59.11
3430,Home,General,BrandB,66.76
3431,Home,General,BrandC,52.89
3432,electronics,General,BrandD,78.59
3433,Electronics,Premium,BrandD,56.08
3434,Electronics,Basic,BrandB,115.39
3435,Home,Premium,BrandC,77.41
3436,Home,Basic,BrandB,48.57
3437,Electornics,Premium,BrandD,73.15
3438,Sports,General,BrandD,71.5
3439,Home,Basic,BrandC,24.02
3440,Home,Basic,BrandB,70.73
3441,Sports,Basic,BrandA,73.77
3442,electronics,Basic,BrandD,80.84
3443,Sports,Basic,BrandA,87.63
3444,Electronics,General,BrandD,22.38
3445,Sports,Premium,BrandC,80.88
3446,Electornics,General,BrandC,89.3
3447,Electronics,General,BrandC,118.1
3448,Electornics,General,BrandD,99.47
3449,Home,Basic,BrandB,127.58
3450,Electornics,Premium,BrandA,119.21
3451,Electornics,General,BrandD,124.03
3452,Electronics,Premium,BrandC,98.99
3453,Electornics,Premium,BrandA,57.23
3454,Home,Basic,BrandB,76.24
3455,Electornics,Basic,BrandD,87.44
3456,Sports,Basic,BrandC,112.48
3457,Sports,Premium,BrandA,123.89
3458,Sports,General,BrandA,68.48
3459,electronics,Premium,BrandD,69.26
3460,Electornics,General,BrandA,108.59
3461,Electronics,Basic,BrandA,54.4
3462,Electornics,Basic,BrandC,28.58
3463,electronics,Premium,BrandB,124.68
3464,Sports,Premium,BrandD,132.7
3465,Home,Basic,BrandB,67.25
3466,Electronics,General,BrandB,80.09
3467,electronics,Basic,BrandD,37.84
3468,Electronics,Basic,BrandB,38.2
3469,electronics,Basic,BrandA,76.45
3470,Electronics,Basic,BrandD,85.04
3471,Electornics,General,BrandB,71.16
3472,Home,Premium,BrandB,93.92
3473,Electornics,General,BrandB,99.41
3474,Electornics,General,BrandD,70.54
3475,Electornics,General,BrandB,60.71
3476,electronics,Premium,BrandC,83.39
3477,Home,Premium,BrandB,68.66
3478,Electronics,General,BrandD,80.44
3479,electronics,General,BrandD,81.76
3480,Sports,Basic,BrandA,96.77
3481,electronics,Premium,BrandC,93.51
3482,Sports,General,BrandB,38.23
3483,electronics,General,BrandA,89.92
3484,Electronics,Premium,BrandB,45.89
3485,Electornics,General,BrandB,68.62
3486,Sports,General,BrandA,73.83
3487,Home,Premium,BrandD,37.0
3488,electronics,Basic,BrandA,125.09
3489,electronics,Premium,BrandD,73.49
3490,Sports,General,BrandC,112.87
3491,Home,Basic,BrandD,125.78
3492,electronics,Premium,BrandA,77.63
3493,Electronics,Basic,BrandA,61.17
3494,electronics,General,BrandD,109.22
3495,Electornics,General,BrandB,110.8
3496,Sports,General,BrandB,105.04
3497,Sports,Premium,BrandA,115.25
3498,electronics,Premium,BrandC,72.46
3499,Electronics,Premium,BrandA,100.91
3500,Home,Basic,BrandA,43.63
3501,Electornics,General,BrandB,-1.92
3502,electronics,Basic,BrandD,55.94
3503,Sports,General,BrandB,80.91
3504,Sports,General,BrandA,44.5
3505,Sports,Premium,BrandC,41.48
3506,electronics,General,BrandA,122.08
3507,Home,General,BrandC,150.61
3508,Electornics,Basic,BrandB,101.93
3509,Electronics,Basic,BrandD,115.58
3510,Home,General,BrandD,33.97
3511,electronics,Premium,BrandD,75.8
3512,Electornics,General,BrandD,47.98
3513,Electronics,General,BrandA,112.43
3514,Electronics,Basic,BrandA,85.54
3515,Electornics,Basic,BrandC,94.25
3516,Home,General,BrandA,66.68
3517,Electornics,General,BrandA,125.82
3518,electronics,General,BrandA,103.94
3519,Electronics,Basic,BrandA,54.1
3520,Electornics,Premium,BrandD,74.19
3521,Sports,Premium,BrandC,93.46
3522,electronics,General,BrandD,101.02
3523,Electronics,Basic,BrandD,137.85
3524,Electronics,General,BrandD,105.71
3525,electronics,Basic,BrandC,51.62
3526,Electornics,General,BrandD,123.66
3527,Sports,Basic,BrandC,21.3
3528,Home,Premium,BrandA,140.87
3529,electronics,Premium,BrandB,92.73
3530,Home,General,BrandA,71.31
3531,Home,Basic,BrandB,104.39
3532,Sports,Basic,BrandD,99.67
3533,Sports,General,BrandC,113.81
3534,Sports,General,BrandC,50.84
3535,Electornics,General,BrandA,98.51
3536,Electronics,General,BrandC,85.54
3537,Electronics,General,BrandC,109.27
3538,Electornics,Premium,BrandC,33.15
3539,Electornics,Basic,BrandA,90.15
3540,Electornics,Basic,BrandA,90.28
3541,Electronics,Premium,BrandA,51.05
3542,Home,General,BrandA,86.45
3543,Electornics,General,BrandC,99.37
3544,Home,Basic,BrandA,65.9
3545,Sports,General,BrandD,22.96
3546,Sports,Premium,BrandA,75.51
3547,Home,Premium,BrandD,49.17
3548,Sports,General,BrandB,46.34
3549,Sports,Premium,BrandA,159.03
3550,Sports,Basic,BrandA,36.5
3551,Electornics,General,BrandD,123.75
3552,electronics,Premium,BrandB,49.18
3553,Home,General,BrandC,72.16
3554,Home,Basic,BrandC,66.98
3555,Home,Premium,BrandA,80.08
3556,Home,Basic,BrandC,69.94
3557,Sports,Premium,BrandD,123.41
3558,Electronics,Premium,BrandB,40.59
3559,Electornics,General,BrandD,70.13
3560,Home,Premium,BrandC,104.02
3561,electronics,Premium,BrandA,41.18
3562,Electronics,Premium,BrandB,64.26
3563,Electronics,Basic,BrandC,73.83
3564,electronics,Basic,BrandA,89.38
3565,Sports,Premium,BrandC,75.54
3566,electronics,Premium,BrandC,74.02
3567,Electornics,Premium,BrandA,80.45
3568,electronics,Basic,BrandB,59.58
3569,Electronics,Premium,BrandB,100.26
3570,Sports,Basic,BrandC,66.38
3571,Electornics,Premium,BrandB,106.1
3572,Electornics,Premium,BrandC,115.98
3573,Electronics,Basic,BrandB,62.25
3574,Electornics,Basic,BrandC,83.33
3575,electronics,Premium,BrandC,72.11
3576,Sports,Basic,BrandA,29.54
3577,Electronics,Basic,BrandA,67.34
3578,electronics,Premium,BrandB,121.83
3579,Home,Basic,BrandB,27.48
3580,Electornics,Basic,BrandA,74.3
3581,electronics,Basic,BrandC,60.75
3582,Home,General,BrandD,83.47
3583,Electornics,General,BrandA,84.35
3584,Home,General,BrandA,33.92
3585,Home,Premium,BrandA,109.4
3586,electronics,Premium,BrandD,75.85
3587,Electornics,General,BrandB,55.02
3588,Sports,Premium,BrandB,47.42
3589,Electornics,Premium,BrandA,56.92
3590,Sports,Basic,BrandB,75.32
3591,Electornics,Premium,BrandB,86.56
3592,Home,Basic,BrandC,86.58
3593,Home,Basic,BrandD,63.69
3594,Electornics,Basic,BrandC,86.71
3595,Electronics,General,BrandB,43.99
3596,Sports,General,BrandD,50.15
3597,electronics,Premium,BrandC,95.22
3598,Home,Basic,BrandB,139.35
3599,Home,Premium,BrandD,93.48
3600,Sports,Premium,BrandC,56.98
3601,Electornics,General,BrandC,47.02
3602,Sports,Premium,BrandD,91.79
3603,Sports,Basic,BrandB,114.94
3604,Electronics,Premium,BrandB,108.8
3605,Home,Basic,BrandC,78.63
3606,Home,General,BrandA,97.12
3607,Home,General,BrandB,138.56
3608,electronics,General,BrandC,94.21
3609,Electornics,Premium,BrandC,99.98
3610,electronics,Premium,BrandC,83.44
3611,Electronics,Basic,BrandA,59.71
3612,Electronics,Basic,BrandA,112.33
3613,Sports,Basic,BrandC,92.21
3614,Electronics,Basic,BrandB,88.99
3615,Electornics,Premium,BrandD,79.64
3616,Electronics,Premium,BrandB,112.68
3617,Electornics,Premium,BrandA,141.91
3618,Electornics,Basic,BrandD,59.54
3619,Electornics,General,BrandD,40.04
3620,Sports,General,BrandB,77.82
3621,Sports,Premium,BrandC,77.73
3622,Home,General,BrandA,98.64
3623,Sports,Basic,BrandA,76.95
3624,Electornics,Premium,BrandC,88.91
3625,electronics,Basic,BrandD,32.37
3626,Sports,General,BrandA,43.16
3627,Electronics,Premium,BrandB,67.76
3628,Electronics,General,BrandA,102.95
3629,Sports,General,BrandD,48.6
3630,Home,Premium,BrandB,65.58
3631,Home,General,BrandB,133.83
3632,Home,Premium,BrandC,68.11
3633,Electornics,General,BrandD,40.48
3634,electronics,General,BrandB,103.4
3635,Electornics,General,BrandA,67.83
3636,Home,Premium,BrandC,105.47
3637,electronics,Premium,BrandB,58.6
3638,Electronics,Premium,BrandD,106.37
3639,Electronics,Basic,BrandB,113.95
3640,Electornics,Premium,BrandD,66.02
3641,Electornics,General,BrandB,55.34
3642,Sports,Premium,BrandC,89.57
3643,Electornics,Basic,BrandA,78.09
3644,Electornics,General,BrandA,107.45
3645,Home,General,BrandD,82.87
3646,Sports,Premium,BrandC,106.85
3647,Sports,General,BrandB,74.97
3648,Electornics,Premium,BrandB,65.06
3649,Home,Premium,BrandC,39.74
3650,Electronics,Premium,BrandB,83.96
3651,Sports,Premium,BrandC,79.27
3652,Electornics,Premium,BrandB,51.57
3653,Home,Premium,BrandB,95.48
3654,Sports,Basic,BrandD,65.5
3655,Electornics,Basic,BrandB,111.65
3656,Home,Premium,BrandC,62.62
3657,Electronics,Premium,BrandB,89.32
3658,Electronics,General,BrandC,89.25
3659,Electornics,Premium,BrandA,51.0
3660,electronics,Premium,BrandB,94.11
3661,Electronics,Basic,BrandB,65.69
3662,Sports,General,BrandB,76.43
3663,Electornics,Premium,BrandC,67.66
3664,Electornics,General,BrandD,126.93
3665,Electronics,Premium,BrandA,85.39
3666,electronics,Basic,BrandD,88.97
3667,Sports,Premium,BrandB,68.36
3668,Electronics,General,BrandA,85.36
3669,Electronics,General,BrandD,74.95
3670,electronics,Premium,BrandC,97.45
3671,Home,General,BrandD,105.81
3672,Electornics,General,BrandC,89.68
3673,electronics,Premium,BrandD,100.95
3674,Electornics,Basic,BrandC,100.28
3675,electronics,Premium,BrandB,55.24
3676,Electornics,Basic,BrandA,119.25
3677,Electronics,General,BrandB,76.24
3678,Electronics,General,BrandD,94.31
3679,electronics,Premium,BrandD,64.58
3680,Electornics,Basic,BrandB,93.13
3681,Electornics,General,BrandD,138.74
3682,Sports,Basic,BrandA,103.1
3683,Home,General,BrandA,85.62
3684,Home,Basic,BrandD,80.7
3685,electronics,Premium,BrandA,51.95
3686,electronics,Premium,BrandA,149.68
3687,Sports,General,BrandB,136.98
3688,electronics,General,BrandD,49.24
3689,Electronics,Basic,BrandB,94.74
3690,Home,Premium,BrandD,85.7
3691,Home,General,BrandC,-6.03
3692,Electronics,Premium,BrandB,37.41
3693,Electronics,Premium,BrandB,94.05
3694,Electornics,Premium,BrandA,16.68
3695,Electronics,Premium,BrandC,70.18
3696,Sports,Basic,BrandD,61.27
3697,Electronics,Basic,BrandC,145.79
3698,Home,Premium,BrandD,72.19
3699,Sports,General,BrandC,31.08
3700,electronics,General,BrandB,124.16
3701,Electornics,Premium,BrandD,126.25
3702,Home,General,BrandB,42.14
3703,Electornics,General,BrandB,80.63
3704,electronics,General,BrandC,98.47
3705,Electornics,General,BrandC,91.82
3706,Home,General,BrandB,117.08
3707,Home,Basic,BrandC,99.44
3708,Electornics,Basic,BrandC,62.59
3709,Electronics,Basic,BrandB,98.8
3710,Sports,General,BrandA,98.91
3711,Sports,General,BrandD,123.09
3712,Sports,Premium,BrandC,16.4
3713,Electornics,General,BrandB,103.56
3714,Sports,Basic,BrandC,110.47
3715,electronics,Premium,BrandA,117.39
3716,Sports,Premium,BrandA,69.29
3717,Electornics,Basic,BrandA,75.52
3718,Home,Basic,BrandD,97.26
3719,electronics,General,BrandB,58.49
3720,Electronics,Premium,BrandB,142.72
3721,Electornics,Basic,BrandA,52.96
3722,Sports,Basic,BrandA,106.84
3723,Sports,General,BrandA,74.18
3724,Sports,Premium,BrandC,49.24
3725,Electornics,Basic,BrandB,107.33
3726,Home,General,BrandD,59.17
3727,Electronics,Basic,BrandC,107.93
3728,electronics,Premium,BrandB,77.85
3729,Electornics,General,BrandD,64.38
3730,Sports,Premium,BrandD,162.82
3731,Home,Premium,BrandC,92.42
3732,Electornics,Premium,BrandB,43.62
3733,Home,General,BrandC,50.89
3734,Electornics,General,BrandC,68.55
3735,Electornics,Premium,BrandC,56.26
3736,Electornics,Premium,BrandB,24.67
3737,Sports,Premium,BrandA,103.01
3738,Sports,General,BrandD,109.62
3739,electronics,Premium,BrandB,177.01
3740,Electornics,Basic,BrandA,79.48
3741,Home,Basic,BrandD,92.71
3742,Sports,Premium,BrandA,76.82
3743,electronics,Premium,BrandB,83.36
3744,electronics,General,BrandC,70.11
3745,Electronics,Premium,BrandB,57.72
3746,Home,Premium,BrandD,90.13
3747,Home,General,BrandC,104.34
3748,electronics,General,BrandC,119.03
3749,Home,General,BrandB,28.23
3750,Home,Premium,BrandB,53.8
3751,Electornics,General,BrandC,57.85
3752,Home,Premium,BrandA,86.1
3753,Home,Premium,BrandA,90.56
3754,Sports,Premium,BrandD,104.33
3755,Electornics,Basic,BrandC,85.9
3756,Sports,Basic,BrandD,117.37
3757,Sports,General,BrandA,34.9
3758,electronics,Basic,BrandD,123.6
3759,Sports,General,BrandA,105.56
3760,electronics,Basic,BrandD,56.67
3761,Home,Premium,BrandD,106.34
3762,electronics,General,BrandC,145.87
3763,Electronics,General,BrandD,91.87
3764,Electornics,Basic,BrandD,76.1
3765,Electronics,General,BrandA,93.33
3766,Electornics,Basic,BrandB,62.33
3767,Home,General,BrandB,57.93
3768,electronics,Premium,BrandB,49.14
3769,Sports,Basic,BrandC,111.05
3770,electronics,Premium,BrandB,86.26
3771,Home,General,BrandD,48.19
3772,electronics,General,BrandA,106.22
3773,Home,Premium,BrandA,97.62
3774,electronics,Premium,BrandA,104.64
3775,Home,Basic,BrandC,82.98
3776,Sports,Premium,BrandA,67.81
3777,Electornics,General,BrandD,110.56
3778,Sports,Basic,BrandD,101.65
3779,Electronics,Premium,BrandC,45.37
3780,Electornics,Basic,BrandB,98.03
3781,Electronics,Basic,BrandB,73.54
3782,Home,Premium,BrandD,96.37
3783,electronics,Basic,BrandC,95.21
3784,Electornics,General,BrandA,95.08
3785,Electornics,Premium,BrandD,142.65
3786,Electronics,Premium,BrandB,34.5
3787,Sports,General,BrandB,113.23
3788,Electornics,General,BrandD,66.53
3789,Electronics,Premium,BrandD,93.58
3790,Home,Basic,BrandA,75.82
3791,Electornics,Premium,BrandC,95.68
3792,electronics,Basic,BrandC,117.51
3793,Sports,Premium,BrandB,55.69
3794,Electronics,Premium,BrandB,103.29
3795,electronics,Basic,BrandA,72.05
3796,Sports,Premium,BrandB,72.52
3797,Home,Basic,BrandB,71.87
3798,Sports,General,BrandB,83.96
3799,Home,Premium,BrandC,148.48
3800,Electronics,General,BrandA,89.95
3801,Electronics,General,BrandA,95.46
3802,Electronics,General,BrandB,35.23
3803,Sports,Basic,BrandA,94.67
3804,Sports,General,BrandA,71.63
3805,Electronics,Premium,BrandA,106.12
3806,Home,Premium,BrandC,88.98
3807,electronics,General,BrandD,91.9
3808,Home,Premium,BrandB,85.74
3809,Electronics,Premium,BrandB,92.34
3810,Home,Premium,BrandB,81.24
3811,Electornics,Premium,BrandB,22.15
3812,Electronics,Premium,BrandC,161.81
3813,Electornics,Premium,BrandA,67.53
3814,Electronics,Premium,BrandC,103.58
3815,Electronics,Premium,BrandD,60.2
3816,electronics,Premium,BrandC,70.51
3817,Home,Basic,BrandA,86.93
3818,Sports,Basic,BrandC,47.34
3819,Sports,Premium,BrandB,82.61
3820,Home,Basic,BrandD,109.48
3821,Electronics,Premium,BrandB,52.45
3822,Home,Premium,BrandA,76.23
3823,electronics,Premium,BrandA,45.06
3824,Home,Premium,BrandC,133.29
3825,Electornics,General,BrandD,70.04
3826,electronics,Premium,BrandB,62.12
3827,electronics,Premium,BrandD,83.48
3828,Sports,General,BrandB,112.29
3829,electronics,Premium,BrandC,96.91
3830,Home,Premium,BrandB,56.8
3831,Electornics,Premium,BrandD,19.27
3832,Home,Premium,BrandC,35.59
3833,Home,Premium,BrandC,56.27
3834,Sports,Premium,BrandD,61.62
3835,Sports,Basic,BrandC,82.0
3836,Sports,Basic,BrandB,74.5
3837,Electornics,Premium,BrandC,133.29
3838,Electornics,General,BrandD,80.72
3839,Home,General,BrandB,122.11
3840,Home,General,BrandC,34.56
3841,Electornics,General,BrandC,141.54
3842,Electronics,Basic,BrandB,87.54
3843,Home,Basic,BrandD,101.15
3844,Sports,Premium,BrandB,106.44
3845,Electornics,General,BrandC,75.04
3846,Home,General,BrandD,175.55
3847,Home,Premium,BrandC,122.96
3848,Home,Basic,BrandB,95.64
3849,Home,General,BrandB,14.34
3850,Electronics,General,BrandD,55.64
3851,electronics,Basic,BrandC,87.96
3852,electronics,Basic,BrandA,67.33
3853,Home,Premium,BrandD,59.64
3854,Home,Basic,BrandA,73.34
3855,Sports,General,BrandC,76.12
3856,Electronics,Premium,BrandD,144.39
3857,Electronics,Premium,BrandC,91.25
3858,Sports,Basic,BrandB,43.99
3859,electronics,Basic,BrandC,-10.15
3860,Home,Premium,BrandA,93.39
3861,Electronics,Premium,BrandC,103.94
3862,Electronics,General,BrandA,66.34
3863,Electornics,Basic,BrandC,136.55
3864,electronics,Premium,BrandC,111.43
3865,Electornics,Premium,BrandB,31.39
3866,Sports,Basic,BrandD,67.84
3867,Home,General,BrandD,112.25
3868,Home,Premium,BrandD,97.47
3869,Home,General,BrandD,47.67
3870,Home,Basic,BrandC,59.86
3871,Electornics,Premium,BrandA,74.69
3872,Electronics,General,BrandB,67.85
3873,Electornics,General,BrandB,106.27
3874,Home,Premium,BrandA,132.71
3875,Sports,General,BrandC,47.28
3876,Electronics,General,BrandA,99.89
3877,Electronics,Basic,BrandD,75.18
3878,Home,Premium,BrandB,33.42
3879,Home,General,BrandD,54.37
3880,Sports,General,BrandD,95.39
3881,Sports,General,BrandD,29.08
3882,electronics,Basic,BrandB,54.17
3883,Sports,General,BrandC,113.46
3884,Electronics,Premium,BrandD,58.42
3885,Home,Premium,BrandA,27.47
3886,electronics,General,BrandC,82.89
3887,Electronics,Premium,BrandD,89.4
3888,Electronics,Premium,BrandA,66.6
3889,Home,Basic,BrandD,76.59
3890,Electronics,General,BrandD,83.06
3891,Electronics,Premium,BrandA,107.97
3892,Home,General,BrandD,102.27
3893,Electornics,General,BrandA,77.65
3894,Sports,General,BrandC,59.09
3895,electronics,Premium,BrandC,62.52
3896,Home,Basic,BrandA,31.53
3897,electronics,Premium,BrandB,85.0
3898,Electornics,Basic,BrandB,55.44
3899,Sports,Basic,BrandC,77.83
3900,Electronics,General,BrandC,25.3
3901,Electornics,General,BrandA,122.78
3902,Home,General,BrandD,65.13
3903,electronics,Basic,BrandC,103.1
3904,Electornics,General,BrandD,57.51
3905,Sports,Basic,BrandD,76.73
3906,electronics,Premium,BrandC,95.28
3907,Sports,Basic,BrandD,88.83
3908,Sports,General,BrandC,74.25
3909,electronics,Premium,BrandB,123.0
3910,Home,General,BrandC,66.97
3911,electronics,Basic,BrandC,106.75
3912,electronics,Premium,BrandD,50.25
3913,Home,Basic,BrandB,65.37
3914,Sports,Basic,BrandD,60.0
3915,Sports,Basic,BrandD,17.28
3916,Electornics,Premium,BrandA,55.53
3917,Electornics,General,BrandC,118.73
3918,Home,Basic,BrandA,55.95
3919,Sports,Premium,BrandC,111.13
3920,electronics,General,BrandD,95.38
3921,Electornics,Premium,BrandC,79.04
3922,electronics,Premium,BrandA,111.62
3923,Electornics,Basic,BrandC,-2.28
3924,Electronics,Basic,BrandC,155.29
3925,Sports,Premium,BrandA,63.24
3926,electronics,Basic,BrandA,56.27
3927,Electornics,Basic,BrandB,25.17
3928,Electronics,Premium,BrandA,64.33
3929,Electornics,Premium,BrandC,108.06
3930,Sports,Basic,BrandC,107.31
3931,Sports,Premium,BrandC,77.27
3932,electronics,Basic,BrandC,76.03
3933,Electronics,General,BrandD,95.76
3934,Electornics,Premium,BrandB,52.84
3935,Home,Basic,BrandB,64.29
3936,Electornics,Basic,BrandC,44.99
3937,Home,Premium,BrandB,111.22
3938,Sports,General,BrandB,37.09
3939,electronics,General,BrandC,65.53
3940,Electronics,Basic,BrandA,146.64
3941,Electornics,General,BrandC,74.04
3942,Electornics,Premium,BrandC,81.17
3943,Electornics,General,BrandC,75.66
3944,Electronics,Premium,BrandB,75.97
3945,electronics,Premium,BrandD,30.17
3946,Electornics,Basic,BrandB,68.57
3947,electronics,Basic,BrandD,107.47
3948,electronics,Premium,BrandD,84.29
3949,Electornics,General,BrandB,119.95
3950,Home,Basic,BrandD,69.28
3951,electronics,General,BrandA,65.63
3952,Home,General,BrandA,66.77
3953,Electornics,General,BrandB,67.42
3954,Electronics,Premium,BrandD,55.51
3955,electronics,General,BrandA,55.74
3956,Electornics,General,BrandC,55.66
3957,Electronics,General,BrandB,100.21
3958,electronics,Basic,BrandA,79.17
3959,Electornics,Basic,BrandB,24.54
3960,electronics,Basic,BrandD,74.06
3961,Home,Premium,BrandC,47.66
3962,electronics,Basic,BrandB,52.76
3963,Electornics,General,BrandD,113.76
3964,Home,General,BrandA,54.94
3965,Home,General,BrandB,100.76
3966,Electronics,Premium,BrandC,39.06
3967,Electronics,Premium,BrandD,134.32
3968,Home,General,BrandA,69.1
3969,Sports,General,BrandC,96.05
3970,Sports,Premium,BrandC,80.43
3971,Electronics,Premium,BrandB,27.5
3972,Electornics,Premium,BrandD,76.41
3973,Home,General,BrandB,90.47
3974,Electornics,General,BrandA,82.52
3975,electronics,General,BrandD,112.34
3976,electronics,General,BrandA,92.16
3977,Home,General,BrandA,87.91
3978,electronics,General,BrandA,101.29
3979,Electronics,Basic,BrandC,75.82
3980,electronics,Premium,BrandA,117.48
3981,Home,Premium,BrandD,144.31
3982,Home,Premium,BrandB,45.68
3983,Electronics,Basic,BrandA,87.05
3984,electronics,Premium,BrandC,150.84
3985,Electronics,Basic,BrandB,91.61
3986,Electronics,General,BrandD,89.5
3987,electronics,General,BrandC,130.32
3988,Home,General,BrandC,137.77
3989,Electornics,Basic,BrandA,86.33
3990,electronics,Basic,BrandA,90.5
3991,electronics,Premium,BrandA,63.47
3992,Electornics,Premium,BrandC,88.63
3993,electronics,Basic,BrandA,57.68
3994,Electornics,Premium,BrandB,53.99
3995,Home,Premium,BrandC,106.71
3996,electronics,Premium,BrandC,114.37
3997,Home,Premium,BrandB,101.8
3998,Electornics,General,BrandD,127.35
3999,Electronics,Premium,BrandC,77.16
4000,Home,Basic,BrandA,74.78
4001,Electronics,Premium,BrandD,98.43
4002,Sports,General,BrandB,119.52
4003,Electornics,Premium,BrandB,69.35
4004,Electronics,Basic,BrandC,135.77
4005,electronics,Basic,BrandC,43.76
4006,Home,Basic,BrandC,80.8
4007,Sports,General,BrandA,156.86
4008,Electronics,Premium,BrandC,62.55
4009,electronics,Premium,BrandA,77.41
4010,Home,General,BrandD,91.63
4011,Sports,General,BrandD,102.61
4012,electronics,Basic,BrandD,52.06
4013,Home,Basic,BrandA,77.11
4014,Home,Premium,BrandC,84.92
4015,electronics,Premium,BrandC,58.57
4016,electronics,Basic,BrandB,47.72
4017,electronics,Premium,BrandA,118.37
4018,electronics,Premium,BrandC,10.63
4019,Sports,General,BrandA,75.95
4020,Home,General,BrandB,70.98
4021,Electornics,General,BrandA,60.81
4022,electronics,Basic,BrandD,101.55
4023,Home,Basic,BrandB,89.51
4024,Electronics,General,BrandD,101.38
4025,Home,Premium,BrandA,130.07
4026,Sports,Basic,BrandD,78.35
4027,Home,Premium,BrandB,34.57
4028,Electornics,Basic,BrandB,149.82
4029,Electornics,Premium,BrandC,80.7
4030,Home,Premium,BrandA,14.97
4031,Electornics,Premium,BrandB,85.47
4032,Electronics,Premium,BrandD,82.43
4033,Home,General,BrandA,82.32
4034,Home,General,BrandD,77.32
4035,Home,Premium,BrandD,76.94
4036,Electronics,Basic,BrandA,122.66
4037,Electornics,Premium,BrandC,102.52
4038,Home,Premium,BrandA,81.84
4039,Sports,General,BrandB,100.48
4040,Electronics,Basic,BrandA,122.32
4041,Home,General,BrandA,37.38
4042,electronics,Premium,BrandC,114.91
4043,Home,Basic,BrandD,87.85
4044,electronics,General,BrandD,97.71
4045,electronics,General,BrandD,65.89
4046,electronics,Basic,BrandB,43.42
4047,Electornics,Premium,BrandA,80.44
4048,Home,Premium,BrandC,65.24
4049,Electornics,General,BrandD,107.58
4050,Home,General,BrandA,76.46
4051,Electronics,Basic,BrandD,99.14
4052,Electornics,General,BrandA,40.58
4053,Home,Basic,BrandC,33.84
4054,Electronics,General,BrandA,118.23
4055,Electronics,General,BrandB,62.12
4056,Sports,General,BrandC,72.48
4057,electronics,Basic,BrandD,130.53
4058,Sports,Basic,BrandC,23.67
4059,Electronics,General,BrandD,65.45
4060,Electornics,General,BrandB,47.71
4061,Electornics,General,BrandA,70.64
4062,Electronics,General,BrandC,101.61
4063,Electornics,Basic,BrandC,100.51
4064,Electornics,General,BrandC,89.62
4065,electronics,Premium,BrandA,85.85
4066,Sports,Basic,BrandB,105.96
4067,electronics,General,BrandC,89.84
4068,Home,General,BrandB,84.16
4069,Sports,Basic,BrandC,62.75
4070,Sports,General,BrandD,71.53
4071,Electronics,Premium,BrandA,91.96
4072,Electornics,Basic,BrandA,68.25
4073,electronics,General,BrandD,80.06
4074,electronics,General,BrandB,89.94
4075,Sports,Basic,BrandD,100.4
4076,Sports,Premium,BrandC,97.06
4077,Home,General,BrandD,83.94
4078,Electornics,Premium,BrandA,85.66
4079,Home,Basic,BrandC,7.83
4080,Electornics,General,BrandC,83.17
4081,electronics,Basic,BrandD,70.75
4082,Electornics,Basic,BrandC,108.76
4083,Electronics,General,BrandD,56.57
4084,Electornics,Basic,BrandC,124.33
4085,Sports,Basic,BrandC,95.78
4086,Electronics,General,BrandD,123.45
4087,electronics,Premium,BrandD,75.77
4088,Electornics,Premium,BrandD,110.05
4089,Home,General,BrandA,74.57
4090,Sports,Basic,BrandD,82.96
4091,Electornics,General,BrandC,120.02
4092,Electornics,Basic,BrandB,105.56
4093,Electornics,General,BrandB,53.4
4094,Electronics,General,BrandA,108.01
4095,Home,Basic,BrandB,80.82
4096,Electronics,General,BrandA,64.6
4097,Electornics,General,BrandB,116.4
4098,Sports,Premium,BrandA,39.72
4099,Sports,Premium,BrandC,106.1
4100,Sports,Premium,BrandC,43.55
4101,Sports,Basic,BrandC,75.73
4102,Electronics,General,BrandA,74.73
4103,Electronics,General,BrandD,100.71
4104,Electronics,General,BrandA,108.99
4105,Sports,Premium,BrandC,58.43
4106,Sports,Basic,BrandC,87.14
4107,Electronics,Premium,BrandD,52.71
4108,Home,General,BrandB,75.81
4109,Sports,General,BrandB,15.42
4110,electronics,General,BrandD,99.59
4111,Electornics,Premium,BrandC,30.14
4112,Home,Basic,BrandC,140.5
4113,Home,Basic,BrandC,105.97
4114,Sports,Basic,BrandA,119.75
4115,Home,Premium,BrandA,76.85
4116,electronics,Premium,BrandD,54.37
4117,Sports,General,BrandA,63.77
4118,Electornics,Basic,BrandA,130.18
4119,Electronics,Basic,BrandA,63.01
4120,Electronics,General,BrandD,56.45
4121,Electronics,Premium,BrandC,69.0
4122,Home,General,BrandD,116.24
4123,electronics,Premium,BrandC,33.25
4124,Electronics,Basic,BrandD,91.29
4125,electronics,Premium,BrandA,82.32
4126,electronics,General,BrandC,65.9
4127,electronics,General,BrandD,111.79
4128,Electronics,Basic,BrandB,111.3
4129,Electronics,General,BrandB,55.26
4130,electronics,Basic,BrandB,94.18
4131,Home,General,BrandD,35.3
4132,Home,Basic,BrandA,129.6
4133,Sports,General,BrandB,92.12
4134,electronics,Basic,BrandD,77.59
4135,Electornics,General,BrandB,101.89
4136,Home,Premium,BrandC,62.9
4137,Electronics,Premium,BrandB,142.26
4138,Sports,Premium,BrandD,92.52
4139,Electornics,Basic,BrandB,78.52
4140,Electornics,General,BrandA,83.85
4141,electronics,Basic,BrandA,77.09
4142,Electronics,Basic,BrandA,27.33
4143,Sports,Premium,BrandC,36.32
4144,Home,Basic,BrandC,151.87
4145,Home,General,BrandB,127.27
4146,Electronics,Basic,BrandD,82.99
4147,electronics,Basic,BrandC,115.34
4148,Electronics,Premium,BrandA,81.56
4149,Electronics,General,BrandA,31.53
4150,Home,Basic,BrandB,58.61
4151,Electronics,Premium,BrandC,151.76
4152,Electornics,Basic,BrandC,56.68
4153,Sports,Premium,BrandA,71.95
4154,electronics,Basic,BrandA,106.23
4155,Electornics,Premium,BrandA,124.3
4156,Electronics,Premium,BrandA,91.7
4157,electronics,General,BrandD,46.11
4158,Sports,Premium,BrandB,39.95
4159,electronics,Premium,BrandD,99.31
4160,electronics,Premium,BrandB,132.76
4161,electronics,General,BrandB,90.81
4162,electronics,General,BrandA,115.49
4163,Electornics,Basic,BrandD,63.32
4164,Home,General,BrandD,82.33
4165,Sports,Premium,BrandC,25.24
4166,electronics,General,BrandC,125.79
4167,Electornics,Premium,BrandB,99.93
4168,Home,General,BrandB,105.7
4169,Home,Premium,BrandB,151.09
4170,Electronics,Basic,BrandC,126.36
4171,Electronics,General,BrandD,60.01
4172,Sports,Basic,BrandA,121.22
4173,electronics,General,BrandB,72.04
4174,electronics,Basic,BrandD,28.69
4175,Home,General,BrandA,99.27
4176,Home,Premium,BrandB,94.55
4177,Home,Basic,BrandC,67.46
4178,Sports,Premium,BrandA,82.53
4179,Home,Basic,BrandC,104.33
4180,Electornics,Premium,BrandB,125.45
4181,Sports,General,BrandB,87.36
4182,electronics,General,BrandD,69.81
4183,Electronics,Basic,BrandA,110.47
4184,Home,Basic,BrandC,62.87
4185,Electornics,General,BrandD,89.39
4186,electronics,General,BrandB,140.85
4187,Sports,Basic,BrandD,159.24
4188,Sports,Basic,BrandD,86.35
4189,Electornics,General,BrandA,97.06
4190,Electornics,Premium,BrandA,133.51
4191,Home,Premium,BrandA,177.68
4192,Home,Basic,BrandC,35.98
4193,Home,General,BrandA,94.14
4194,Electronics,Premium,BrandC,82.85
4195,Electornics,Basic,BrandA,4.52
4196,Electronics,Basic,BrandD,92.2
4197,electronics,General,BrandB,136.04
4198,Sports,General,BrandC,3.04
4199,Home,Basic,BrandA,114.28
4200,Electronics,Premium,BrandD,84.52
4201,Home,Premium,BrandA,69.43
4202,electronics,Basic,BrandC,106.52
4203,Sports,General,BrandD,90.29
4204,Electornics,Premium,BrandB,60.28
4205,Electronics,Basic,BrandC,82.24
4206,electronics,Basic,BrandD,58.0
4207,Electornics,General,BrandD,75.33
4208,Electornics,Basic,BrandC,104.42
4209,Home,Premium,BrandB,103.46
4210,electronics,General,BrandB,93.38
4211,Electornics,Basic,BrandD,73.52
4212,electronics,General,BrandC,55.41
4213,electronics,General,BrandB,70.32
4214,Electornics,Premium,BrandB,60.31
4215,Sports,Premium,BrandA,74.9
4216,Electronics,Basic,BrandA,71.53
4217,Electronics,General,BrandB,16.69
4218,electronics,General,BrandB,38.01
4219,electronics,Basic,BrandC,105.28
4220,Sports,Premium,BrandC,127.08
4221,Home,Basic,BrandC,83.97
4222,Sports,Premium,BrandD,38.12
4223,Electornics,Basic,BrandB,44.44
4224,Sports,Premium,BrandC,89.52
4225,Home,Premium,BrandB,78.1
4226,Electornics,Basic,BrandB,45.39
4227,Electronics,General,BrandC,65.49
4228,Sports,Basic,BrandD,134.05
4229,electronics,General,BrandD,99.06
4230,Electornics,Premium,BrandC,71.49
4231,Home,Basic,BrandC,71.49
4232,Electornics,Basic,BrandA,98.32
4233,electronics,General,BrandB,44.84
4234,electronics,General,BrandB,100.42
4235,electronics,Premium,BrandC,130.28
4236,Sports,General,BrandC,72.56
4237,Electornics,Basic,BrandC,82.1
4238,Sports,Basic,BrandC,78.36
4239,Sports,Premium,BrandB,74.46
4240,Electronics,Basic,BrandC,88.86
4241,Electornics,Basic,BrandD,66.93
4242,Home,Basic,BrandD,66.6
4243,Electronics,Premium,BrandC,142.1
4244,electronics,General,BrandA,33.42
4245,Sports,Premium,BrandA,113.01
4246,electronics,Basic,BrandB,86.79
4247,Sports,General,BrandD,110.53
4248,Home,Premium,BrandB,110.25
4249,Electornics,General,BrandD,69.31
4250,Sports,Premium,BrandB,71.87
4251,Sports,General,BrandD,65.82
4252,Sports,Premium,BrandC,111.15
4253,electronics,General,BrandC,96.28
4254,Home,General,BrandD,136.89
4255,Electornics,Premium,BrandC,113.24
4256,Home,Basic,BrandC,28.19
4257,Electronics,General,BrandD,109.28
4258,Home,Basic,BrandC,35.89
4259,Home,Premium,BrandD,70.8
4260,Electronics,Basic,BrandC,15.84
4261,Electronics,Premium,BrandB,118.83
4262,electronics,Premium,BrandC,109.85
4263,Electornics,Basic,BrandA,113.49
4264,Electronics,Premium,BrandA,137.61
4265,Electronics,General,BrandB,42.33
4266,electronics,General,BrandB,160.17
4267,Electronics,Basic,BrandC,128.8
4268,Electronics,General,BrandB,45.11
4269,Electornics,General,BrandC,73.79
4270,electronics,Basic,BrandA,25.34
4271,Electornics,Premium,BrandA,-0.48
4272,electronics,General,BrandA,65.73
4273,Sports,Basic,BrandC,104.96
4274,Home,General,BrandC,79.06
4275,electronics,Premium,BrandD,102.21
4276,Electornics,Basic,BrandB,87.33
4277,Electornics,General,BrandA,37.72
4278,Sports,Basic,BrandA,23.55
4279,Home,Premium,BrandA,107.16
4280,Electornics,Premium,BrandC,85.2
4281,electronics,General,BrandB,111.26
4282,Sports,Basic,BrandB,88.03
4283,Sports,General,BrandA,26.72
4284,Electronics,Basic,BrandD,47.58
4285,Electornics,Basic,BrandD,79.2
4286,Electronics,General,BrandD,88.9
4287,Home,General,BrandB,95.9
4288,electronics,Basic,BrandA,73.57
4289,Electronics,Basic,BrandB,69.72
4290,Electornics,Basic,BrandB,37.35
4291,Electronics,Basic,BrandB,107.63
4292,Electronics,Premium,BrandB,116.73
4293,Home,General,BrandB,82.6
4294,Home,General,BrandC,117.29
4295,Electronics,Premium,BrandB,92.32
4296,Electornics,General,BrandC,64.92
4297,Electronics,Basic,BrandB,110.68
4298,Electronics,Basic,BrandC,85.87
4299,Electornics,Premium,BrandA,71.49
4300,Sports,Basic,BrandB,115.99
4301,Electornics,Basic,BrandB,-2.33
4302,Home,Premium,BrandC,61.05
4303,Home,General,BrandA,83.29
4304,Electornics,Basic,BrandA,59.93
4305,Home,Premium,BrandB,72.62
4306,Sports,General,BrandA,75.1
4307,Sports,Premium,BrandD,107.54
4308,Electronics,Basic,BrandD,60.01
4309,Sports,Premium,BrandC,80.28
4310,Home,Basic,BrandB,89.19
4311,Sports,Premium,BrandB,137.98
4312,Electornics,Premium,BrandA,61.61
4313,Electornics,General,BrandB,41.61
4314,Sports,Basic,BrandC,25.65
4315,Electronics,General,BrandB,88.21
4316,electronics,General,BrandA,44.28
4317,Sports,Basic,BrandB,41.9
4318,Electronics,Basic,BrandA,53.24
4319,Electornics,General,BrandB,149.79
4320,Home,General,BrandC,99.69
4321,Home,General,BrandB,73.18
4322,electronics,General,BrandD,103.83
4323,Electornics,Premium,BrandC,98.03
4324,Electronics,Premium,BrandA,57.49
4325,electronics,Basic,BrandD,65.78
4326,Electronics,General,BrandB,51.2
4327,Electronics,Basic,BrandB,91.84
4328,electronics,Premium,BrandB,99.13
4329,electronics,General,BrandA,67.51
4330,electronics,Basic,BrandB,49.5
4331,electronics,Premium,BrandA,67.6
4332,Home,Basic,BrandC,81.19
4333,Electornics,Premium,BrandD,58.99
4334,electronics,Premium,BrandB,51.69
4335,Electornics,Basic,BrandA,78.5
4336,Home,Basic,BrandD,117.75
4337,Home,Premium,BrandB,79.2
4338,electronics,Basic,BrandA,97.88
4339,Electornics,Basic,BrandA,65.09
4340,Home,Basic,BrandB,41.8
4341,Sports,Basic,BrandA,63.41
4342,Electornics,Premium,BrandB,68.28
4343,Electronics,General,BrandD,75.9
4344,Home,Basic,BrandC,66.14
4345,Electornics,General,BrandB,65.2
4346,Home,Basic,BrandB,82.53
4347,Electronics,Premium,BrandC,85.68
4348,electronics,Basic,BrandA,126.82
4349,Home,Premium,BrandA,91.43
4350,Home,Premium,BrandB,91.06
4351,Sports,Basic,BrandA,76.77
4352,Electronics,Premium,BrandD,85.73
4353,Electronics,Basic,BrandD,55.56
4354,Electronics,General,BrandA,67.81
4355,electronics,Basic,BrandC,66.99
4356,Sports,General,BrandB,94.38
4357,Electornics,Premium,BrandB,111.99
4358,electronics,Basic,BrandA,67.71
4359,Home,Basic,BrandC,60.62
4360,Electornics,General,BrandC,91.52
4361,Electronics,Premium,BrandD,103.42
4362,electronics,Premium,BrandC,35.34
4363,Electronics,Basic,BrandB,123.46
4364,Electronics,Basic,BrandD,79.57
4365,Electronics,General,BrandB,62.27
4366,Home,Basic,BrandA,102.52
4367,Electornics,Premium,BrandA,90.84
4368,Electronics,General,BrandA,41.37
4369,Home,Premium,BrandA,65.46
4370,Electronics,Basic,BrandD,58.02
4371,Electornics,Basic,BrandB,36.58
4372,Electornics,Basic,BrandB,73.01
4373,Electornics,General,BrandB,55.19
4374,electronics,Basic,BrandB,110.55
4375,electronics,General,BrandA,95.54
4376,electronics,Basic,BrandD,75.37
4377,Sports,Basic,BrandB,101.9
4378,electronics,Premium,BrandC,124.01
4379,electronics,General,BrandA,104.48
4380,Electronics,Premium,BrandA,31.99
4381,Home,General,BrandB,77.37
4382,Home,General,BrandA,83.86
4383,Electornics,Premium,BrandA,110.51
4384,Home,General,BrandC,102.6
4385,Electronics,General,BrandA,46.18
4386,electronics,Basic,BrandB,153.68
4387,Electornics,General,BrandB,82.55
4388,electronics,Basic,BrandA,75.87
4389,Electornics,Premium,BrandA,78.27
4390,Electronics,Basic,BrandD,52.89
4391,Electornics,Basic,BrandA,76.57
4392,Electronics,General,BrandB,102.67
4393,Electronics,Premium,BrandC,8.71
4394,Sports,Premium,BrandB,154.54
4395,electronics,Basic,BrandB,52.92
4396,Electronics,Premium,BrandB,80.6
4397,Home,Premium,BrandD,36.83
4398,Electronics,General,BrandD,83.6
4399,Electronics,Basic,BrandD,86.87
4400,Sports,Basic,BrandB,34.34
4401,Sports,General,BrandC,54.76
4402,Sports,Basic,BrandC,66.09
4403,electronics,Basic,BrandD,79.22
4404,Electronics,Premium,BrandD,59.26
4405,Sports,Premium,BrandA,119.69
4406,Electornics,General,BrandB,16.84
4407,electronics,Basic,BrandD,95.18
4408,Electornics,Premium,BrandD,55.59
4409,Home,General,BrandB,96.76
4410,Sports,General,BrandB,47.85
4411,Home,Basic,BrandA,80.66
4412,Electornics,General,BrandC,79.05
4413,Electronics,General,BrandC,103.33
4414,Electronics,Basic,BrandA,105.69
4415,Home,Premium,BrandA,100.29
4416,electronics,General,BrandA,69.32
4417,Electronics,General,BrandC,119.78
4418,Electornics,General,BrandD,90.3
4419,Home,Premium,BrandA,47.39
4420,Electronics,Basic,BrandA,-7.51
4421,Home,General,BrandD,102.8
4422,Electornics,Basic,BrandC,62.92
4423,Home,Basic,BrandB,60.15
4424,Home,Premium,BrandD,120.74
4425,electronics,Premium,BrandD,41.59
4426,Electornics,Premium,BrandB,63.83
4427,Electronics,Basic,BrandB,59.65
4428,Electornics,Premium,BrandA,95.64
4429,Sports,Basic,BrandC,48.57
4430,electronics,Premium,BrandA,88.71
4431,Electronics,General,BrandD,55.57
4432,Sports,General,BrandA,57.99
4433,Sports,General,BrandB,108.48
4434,electronics,General,BrandB,75.6
4435,Electornics,Premium,BrandA,74.79
4436,Electronics,General,BrandA,84.15
4437,Sports,Basic,BrandC,97.96
4438,Electronics,Basic,BrandB,109.93
4439,Electornics,General,BrandB,76.04
4440,electronics,General,BrandC,123.45
4441,Sports,Basic,BrandA,85.61
4442,Electornics,Premium,BrandC,49.83
4443,Sports,General,BrandC,74.75
4444,Electornics,Basic,BrandB,95.43
4445,Sports,Basic,BrandB,70.24
4446,Home,Basic,BrandA,84.26
4447,Electronics,Basic,BrandB,57.72
4448,Home,Premium,BrandC,106.57
4449,Electronics,General,BrandD,95.43
4450,Home,Premium,BrandA,94.6
4451,electronics,Basic,BrandC,39.99
4452,electronics,General,BrandA,64.1
4453,Electornics,General,BrandB,98.07
4454,Sports,General,BrandD,88.92
4455,Electronics,Premium,BrandA,56.75
4456,Electornics,Basic,BrandB,81.19
4457,Home,Premium,BrandB,99.65
4458,Electronics,Premium,BrandA,50.62
4459,Electronics,Basic,BrandB,67.53
4460,Home,General,BrandB,53.68
4461,Electornics,Premium,BrandC,38.34
4462,electronics,Basic,BrandB,65.51
4463,Home,Premium,BrandA,73.46
4464,Sports,Premium,BrandA,88.06
4465,electronics,General,BrandC,101.82
4466,Sports,General,BrandB,32.92
4467,electronics,Premium,BrandA,103.75
4468,Electronics,Premium,BrandA,78.63
4469,Home,Basic,BrandA,104.83
4470,electronics,General,BrandA,49.29
4471,Electronics,General,BrandC,80.03
4472,Sports,Premium,BrandB,116.08
4473,electronics,Premium,BrandA,119.79
4474,Home,Basic,BrandC,79.33
4475,Sports,Basic,BrandB,65.2
4476,electronics,Basic,BrandB,56.76
4477,Electornics,General,BrandA,98.46
4478,electronics,Basic,BrandC,117.27
4479,Electornics,Basic,BrandB,79.57
4480,Electornics,Premium,BrandD,96.77
4481,electronics,Premium,BrandA,94.27
4482,Electronics,General,BrandD,58.54
4483,Home,General,BrandD,125.88
4484,electronics,Basic,BrandA,60.2
4485,Electronics,General,BrandD,54.54
4486,Sports,General,BrandD,83.51
4487,electronics,General,BrandD,104.55
4488,Sports,Basic,BrandC,89.18
4489,Electronics,Basic,BrandD,77.23
4490,Electronics,Premium,BrandA,47.15
4491,Electronics,General,BrandD,91.97
4492,electronics,Premium,BrandC,61.62
4493,Home,General,BrandB,37.07
4494,Electornics,General,BrandA,113.0
4495,electronics,Premium,BrandA,85.08
4496,electronics,Premium,BrandC,101.02
4497,Electornics,Premium,BrandC,51.43
4498,Electronics,Premium,BrandB,93.73
4499,Electronics,Basic,BrandC,141.89
4500,Electornics,Basic,BrandA,104.94
4501,Electronics,Premium,BrandA,84.84
4502,Electornics,Basic,BrandC,96.26
4503,Electronics,General,BrandA,71.76
4504,Sports,General,BrandC,60.4
4505,Sports,Premium,BrandD,92.83
4506,Home,Premium,BrandC,127.5
4507,Sports,General,BrandB,53.67
4508,Electronics,General,BrandD,53.33
4509,Electronics,Basic,BrandC,74.53
4510,electronics,Basic,BrandD,41.33
4511,Home,General,BrandB,94.46
4512,electronics,General,BrandC,91.64
4513,Home,Premium,BrandD,108.46
4514,Electornics,General,BrandB,66.08
4515,Electornics,Premium,BrandD,91.61
4516,electronics,Premium,BrandD,71.9
4517,Sports,Premium,BrandA,64.4
4518,Electronics,Premium,BrandC,129.44
4519,Sports,General,BrandA,115.29
4520,Home,General,BrandA,108.23
4521,electronics,Basic,BrandC,96.3
4522,Home,General,BrandC,79.76
4523,electronics,Premium,BrandB,107.11
4524,Electronics,General,BrandD,64.14
4525,Home,General,BrandA,18.64
4526,Electornics,Basic,BrandD,87.66
4527,Sports,Basic,BrandD,28.64
4528,electronics,Premium,BrandA,63.27
4529,Sports,Premium,BrandD,74.91
4530,Electornics,Basic,BrandA,83.72
4531,Sports,Basic,BrandA,132.63
4532,Sports,Premium,BrandA,95.13
4533,electronics,General,BrandD,72.79
4534,Home,Basic,BrandA,67.04
4535,Sports,Basic,BrandB,84.1
4536,Electronics,Basic,BrandB,46.25
4537,Sports,Premium,BrandC,92.08
4538,Electornics,General,BrandD,54.15
4539,Electornics,General,BrandC,70.29
4540,electronics,Premium,BrandC,94.3
4541,Home,General,BrandA,83.42
4542,electronics,Basic,BrandD,103.95
4543,Sports,Basic,BrandA,109.69
4544,Home,Basic,BrandC,75.31
4545,Electornics,General,BrandC,96.04
4546,electronics,Premium,BrandD,109.99
4547,Home,Premium,BrandC,137.03
4548,electronics,Premium,BrandB,114.95
4549,electronics,General,BrandA,28.01
4550,electronics,Premium,BrandD,92.67
4551,Sports,Basic,BrandC,35.04
4552,Home,Basic,BrandC,90.98
4553,electronics,Premium,BrandD,68.98
4554,Electornics,Basic,BrandB,108.82
4555,Sports,Premium,BrandD,76.66
4556,Home,Premium,BrandD,68.17
4557,electronics,General,BrandC,59.18
4558,Home,General,BrandA,74.09
4559,Sports,General,BrandB,99.04
4560,electronics,General,BrandC,104.91
4561,electronics,General,BrandD,57.73
4562,Home,Premium,BrandB,82.44
4563,Electornics,General,BrandC,88.56
4564,Electronics,General,BrandB,60.19
4565,Electornics,General,BrandD,76.19
4566,Home,Premium,BrandA,89.25
4567,Home,General,BrandB,87.08
4568,Home,Basic,BrandA,36.55
4569,Sports,Basic,BrandB,100.52
4570,Electronics,Premium,BrandD,41.22
4571,Sports,Basic,BrandD,98.98
4572,Sports,Basic,BrandD,97.25
4573,electronics,Basic,BrandB,119.2
4574,Sports,Premium,BrandB,111.98
4575,Home,General,BrandA,93.66
4576,Sports,Basic,BrandD,66.03
4577,Electornics,General,BrandA,37.47
4578,Electronics,Basic,BrandC,88.67
4579,Electronics,Premium,BrandC,25.53
4580,Electronics,General,BrandD,58.57
4581,Electronics,General,BrandC,56.54
4582,Sports,General,BrandB,139.89
4583,Electornics,Premium,BrandB,77.47
4584,Home,Basic,BrandA,75.23
4585,Home,Basic,BrandD,85.1
4586,Sports,Basic,BrandB,25.41
4587,electronics,General,BrandD,75.93
4588,Electronics,General,BrandD,78.38
4589,Electronics,Premium,BrandB,88.65
4590,electronics,Premium,BrandB,68.71
4591,Home,General,BrandD,65.41
4592,Sports,General,BrandD,39.67
4593,Sports,Premium,BrandA,34.73
4594,electronics,Basic,BrandC,34.53
4595,Electronics,General,BrandD,73.06
4596,Home,Premium,BrandA,72.58
4597,Electornics,Basic,BrandC,105.44
4598,Electornics,Premium,BrandC,79.27
4599,Electronics,Basic,BrandD,10.17
4600,Sports,Basic,BrandB,114.23
4601,Electornics,Basic,BrandB,116.57
4602,Sports,Premium,BrandA,58.95
4603,electronics,Basic,BrandC,82.57
4604,Electornics,Premium,BrandB,61.42
4605,electronics,General,BrandD,74.22
4606,Electronics,Premium,BrandD,80.72
4607,Home,Premium,BrandD,46.2
4608,Home,Premium,BrandB,29.87
4609,Home,General,BrandA,98.6
4610,Sports,Basic,BrandB,50.82
4611,electronics,General,BrandA,83.97
4612,Electornics,Basic,BrandB,64.37
4613,Home,Premium,BrandC,65.62
4614,Electronics,Premium,BrandC,42.33
4615,Sports,Basic,BrandA,73.34
4616,Sports,Basic,BrandD,95.95
4617,Electornics,Basic,BrandA,85.3
4618,Electornics,Premium,BrandD,12.25
4619,Sports,Basic,BrandD,17.56
4620,Electornics,General,BrandA,80.33
4621,Electronics,Basic,BrandA,85.69
4622,Home,Basic,BrandA,65.61
4623,electronics,Basic,BrandB,87.62
4624,Home,General,BrandA,86.43
4625,electronics,Basic,BrandA,23.06
4626,Electornics,Basic,BrandD,129.86
4627,Electornics,Basic,BrandA,53.92
4628,Electornics,Premium,BrandB,88.3
4629,Electronics,Basic,BrandD,98.71
4630,Electornics,General,BrandA,83.53
4631,Sports,General,BrandB,68.36
4632,electronics,General,BrandC,79.34
4633,Home,Basic,BrandD,98.95
4634,Home,Premium,BrandB,32.0
4635,Electronics,Basic,BrandC,64.63
4636,electronics,Premium,BrandB,82.58
4637,electronics,Premium,BrandD,94.57
4638,Electronics,Premium,BrandA,94.28
4639,Electornics,General,BrandD,64.72
4640,Electornics,Basic,BrandD,75.27
4641,electronics,General,BrandA,86.61
4642,electronics,General,BrandB,66.4
4643,Electronics,Premium,BrandA,81.81
4644,Sports,General,BrandB,86.97
4645,Electronics,Basic,BrandC,139.98
4646,Home,Premium,BrandD,64.58
4647,electronics,Premium,BrandB,81.11
4648,Home,Basic,BrandC,70.28
4649,Sports,Basic,BrandC,109.04
4650,Electornics,Basic,BrandC,115.65
4651,Electornics,General,BrandA,7.64
4652,Sports,Basic,BrandC,85.38
4653,Electornics,General,BrandD,62.29
4654,Home,Premium,BrandB,84.99
4655,Electornics,General,BrandC,117.93
4656,Home,Basic,BrandD,66.9
4657,electronics,Basic,BrandB,101.66
4658,Home,Premium,BrandA,90.86
4659,Electronics,General,BrandB,56.15
4660,Home,General,BrandC,95.24
4661,Sports,General,BrandA,139.24
4662,Sports,General,BrandC,96.0
4663,Electornics,General,BrandD,77.34
4664,Sports,General,BrandA,121.02
4665,Sports,Premium,BrandC,33.33
4666,Sports,Basic,BrandD,68.47
4667,Electronics,General,BrandB,75.15
4668,Electronics,General,BrandB,48.11
4669,Home,General,BrandC,70.8
4670,Home,Premium,BrandA,105.36
4671,Home,Basic,BrandD,61.02
4672,Electronics,Premium,BrandB,94.9
4673,Electornics,General,BrandB,44.12
4674,Electronics,Basic,BrandA,78.62
4675,Home,Premium,BrandA,34.46
4676,Electronics,Premium,BrandA,80.9
4677,Sports,General,BrandA,81.77
4678,Electronics,Basic,BrandB,108.8
4679,Electornics,Basic,BrandB,100.73
4680,Electronics,Basic,BrandC,96.92
4681,electronics,Premium,BrandD,93.23
4682,Electronics,Basic,BrandD,114.92
4683,Electornics,Premium,BrandA,83.34
4684,electronics,General,BrandC,115.48
4685,Home,General,BrandD,97.25
4686,electronics,Premium,BrandB,44.23
4687,Sports,General,BrandD,117.6
4688,Home,Basic,BrandC,93.57
4689,Sports,Basic,BrandB,52.01
4690,Sports,General,BrandD,75.39
4691,Home,Basic,BrandB,106.75
4692,Home,Basic,BrandD,95.9
4693,Electronics,Basic,BrandB,23.19
4694,electronics,General,BrandA,95.35
4695,Home,Premium,BrandC,94.67
4696,Electornics,General,BrandD,86.58
4697,Home,General,BrandD,89.29
4698,electronics,Basic,BrandB,81.82
4699,Electronics,General,BrandA,78.3
4700,Home,General,BrandB,102.25
4701,electronics,Premium,BrandD,91.67
4702,electronics,General,BrandC,74.27
4703,Electronics,General,BrandB,85.88
4704,Electronics,Basic,BrandD,135.52
4705,Sports,General,BrandD,101.97
4706,Sports,Basic,BrandC,70.37
4707,Home,Basic,BrandC,132.62
4708,Home,Premium,BrandD,124.72
4709,Electronics,General,BrandC,52.67
4710,electronics,General,BrandD,110.0
4711,electronics,Basic,BrandA,121.64
4712,Sports,Premium,BrandB,58.35
4713,Home,Premium,BrandC,65.29
4714,Electornics,Premium,BrandD,114.42
4715,Sports,General,BrandA,112.29
4716,Home,Basic,BrandD,102.81
4717,electronics,Basic,BrandD,106.37
4718,electronics,Basic,BrandC,136.22
4719,electronics,Premium,BrandA,53.98
4720,Electornics,Basic,BrandD,28.82
4721,Sports,Premium,BrandB,115.9
4722,Home,General,BrandA,79.83
4723,Electornics,Basic,BrandA,138.92
4724,Electronics,Premium,BrandC,68.88
4725,Sports,General,BrandA,101.78
4726,Electornics,General,BrandC,93.29
4727,Electronics,General,BrandA,95.36
4728,Electornics,Basic,BrandC,72.82
4729,Electronics,Premium,BrandB,59.93
4730,Electronics,Basic,BrandB,42.36
4731,Home,General,BrandA,81.34
4732,Home,Basic,BrandA,65.4
4733,electronics,General,BrandA,55.63
4734,Electronics,General,BrandB,80.89
4735,Electornics,Basic,BrandD,101.64
4736,Electronics,Premium,BrandD,58.25
4737,Sports,Basic,BrandD,34.49
4738,electronics,Premium,BrandA,59.24
4739,Sports,Basic,BrandC,6.86
4740,Electronics,Premium,BrandB,103.82
4741,Electornics,General,BrandC,61.02
4742,electronics,Premium,BrandD,44.06
4743,Home,General,BrandB,136.46
4744,Electronics,Basic,BrandA,114.57
4745,Home,Premium,BrandD,109.86
4746,Home,Basic,BrandA,120.21
4747,Home,General,BrandD,25.55
4748,Electornics,General,BrandD,60.26
4749,Home,General,BrandA,85.0
4750,Electornics,General,BrandB,55.53
4751,Home,General,BrandD,27.88
4752,Home,Basic,BrandA,59.31
4753,electronics,Premium,BrandC,123.34
4754,Home,Basic,BrandC,100.88
4755,electronics,Premium,BrandC,62.69
4756,Electronics,Premium,BrandD,48.84
4757,Electornics,Basic,BrandB,66.3
4758,Electornics,General,BrandC,125.78
4759,Electronics,General,BrandC,115.67
4760,Electronics,General,BrandC,81.0
4761,electronics,General,BrandA,67.35
4762,Home,General,BrandD,80.19
4763,Electronics,Premium,BrandB,85.2
4764,Electronics,Basic,BrandB,84.74
4765,Electronics,Premium,BrandA,95.84
4766,Electornics,General,BrandA,52.71
4767,Sports,Basic,BrandC,38.27
4768,Sports,General,BrandD,12.48
4769,Electronics,Premium,BrandB,117.61
4770,Electornics,General,BrandD,75.38
4771,Electronics,Basic,BrandB,100.71
4772,Home,General,BrandC,86.28
4773,electronics,Basic,BrandC,60.48
4774,Electornics,Basic,BrandC,81.14
4775,Electornics,General,BrandD,102.01
4776,Home,Premium,BrandD,80.38
4777,electronics,Basic,BrandC,123.71
4778,electronics,Basic,BrandA,75.96
4779,Electornics,Premium,BrandD,91.85
4780,Electronics,Premium,BrandC,42.61
4781,electronics,Basic,BrandB,107.98
4782,Sports,Premium,BrandC,57.85
4783,Electornics,General,BrandD,102.66
4784,electronics,Premium,BrandB,79.44
4785,Home,General,BrandB,58.28
4786,Electornics,General,BrandA,71.38
4787,electronics,Premium,BrandD,65.88
4788,Electronics,Basic,BrandD,59.21
4789,Electronics,Basic,BrandB,93.47
4790,Electornics,Premium,BrandB,116.17
4791,Home,Basic,BrandA,105.87
4792,Electornics,General,BrandB,90.99
4793,Home,General,BrandD,83.22
4794,Sports,Basic,BrandD,109.22
4795,Home,Premium,BrandD,68.97
4796,Home,General,BrandA,117.91
4797,Electornics,Premium,BrandA,73.36
4798,Electornics,General,BrandA,83.85
4799,Electronics,General,BrandD,97.34
4800,Electronics,Premium,BrandA,111.58
4801,electronics,General,BrandD,103.71
4802,Electronics,Basic,BrandA,109.59
4803,Electornics,General,BrandA,74.29
4804,Electronics,Premium,BrandC,99.68
4805,Electronics,Basic,BrandC,96.67
4806,Electronics,Premium,BrandC,119.28
4807,Electornics,General,BrandA,107.5
4808,Electronics,Basic,BrandC,68.77
4809,Sports,Premium,BrandB,89.81
4810,Electornics,Premium,BrandA,38.68
4811,electronics,Premium,BrandA,53.59
4812,Sports,Basic,BrandD,109.08
4813,Home,Premium,BrandC,92.52
4814,Home,General,BrandC,85.81
4815,Electronics,General,BrandD,74.77
4816,Home,Basic,BrandB,86.65
4817,Sports,Basic,BrandC,112.89
4818,Electornics,General,BrandB,135.79
4819,Sports,General,BrandA,85.74
4820,Sports,Premium,BrandD,3.91
4821,Sports,Premium,BrandA,74.06
4822,electronics,Premium,BrandC,115.95
4823,Electornics,Basic,BrandC,95.32
4824,Electornics,Basic,BrandB,33.03
4825,electronics,Premium,BrandB,14.2
4826,Home,General,BrandA,85.05
4827,Electornics,General,BrandB,45.66
4828,Home,Premium,BrandB,70.83
4829,Electronics,General,BrandC,39.3
4830,Sports,Premium,BrandC,62.05
4831,Electronics,Premium,BrandC,57.26
4832,Electronics,Basic,BrandA,89.82
4833,Sports,Basic,BrandB,108.94
4834,Electronics,General,BrandB,74.87
4835,Sports,Premium,BrandD,94.12
4836,electronics,Basic,BrandB,48.88
4837,Electornics,Premium,BrandC,117.25
4838,Sports,General,BrandB,99.9
4839,Electornics,Premium,BrandA,66.73
4840,Home,General,BrandA,64.41
4841,Electronics,General,BrandC,84.53
4842,Home,General,BrandD,63.22
4843,electronics,Basic,BrandB,61.71
4844,Sports,General,BrandB,43.92
4845,Electronics,Basic,BrandD,57.96
4846,Home,Premium,BrandB,75.04
4847,electronics,General,BrandD,66.52
4848,Sports,General,BrandD,89.86
4849,Electronics,Premium,BrandD,89.07
4850,Electornics,General,BrandC,74.18
4851,Electronics,Premium,BrandD,104.62
4852,Sports,Premium,BrandC,63.34
4853,Home,Basic,BrandC,19.33
4854,Electronics,Premium,BrandB,123.1
4855,Electornics,Basic,BrandD,103.84
4856,electronics,Basic,BrandB,112.64
4857,Electronics,Premium,BrandD,109.14
4858,electronics,General,BrandA,102.66
4859,electronics,General,BrandC,96.14
4860,Home,Premium,BrandA,36.55
4861,Sports,General,BrandC,126.86
4862,Home,General,BrandD,82.4
4863,Electronics,Basic,BrandC,43.62
4864,electronics,Premium,BrandD,78.27
4865,Home,Premium,BrandD,28.2
4866,Electronics,General,BrandB,46.31
4867,electronics,General,BrandD,72.9
4868,Electornics,Premium,BrandA,5.22
4869,Electronics,Basic,BrandC,115.63
4870,Electornics,General,BrandA,116.39
4871,Electronics,Premium,BrandA,88.27
4872,Sports,Premium,BrandA,100.2
4873,Sports,General,BrandA,95.24
4874,Electronics,General,BrandA,37.58
4875,Sports,Basic,BrandB,117.21
4876,Home,General,BrandD,83.86
4877,Home,Premium,BrandD,131.18
4878,Home,Premium,BrandA,44.71
4879,Home,Basic,BrandB,42.56
4880,Sports,Premium,BrandD,88.3
4881,electronics,Premium,BrandB,97.9
4882,electronics,General,BrandB,94.18
4883,Home,Basic,BrandD,54.85
4884,electronics,Premium,BrandA,96.56
4885,electronics,Basic,BrandB,54.64
4886,Home,Basic,BrandA,58.71
4887,Home,General,BrandC,59.71
4888,electronics,Premium,BrandA,100.65
4889,Home,General,BrandB,75.68
4890,Home,Premium,BrandC,32.01
4891,Electornics,Basic,BrandD,53.05
4892,Electornics,Basic,BrandD,56.7
4893,electronics,Premium,BrandC,67.58
4894,Home,General,BrandA,69.42
4895,Electronics,Basic,BrandA,56.76
4896,Home,Basic,BrandB,79.12
4897,electronics,Premium,BrandB,78.16
4898,Sports,Basic,BrandC,77.99
4899,Electornics,Premium,BrandB,64.12
4900,Electronics,General,BrandD,82.95
4901,electronics,Basic,BrandD,96.36
4902,electronics,General,BrandD,100.72
4903,Sports,Premium,BrandC,47.59
4904,Sports,General,BrandC,82.91
4905,Electornics,Basic,BrandC,63.1
4906,electronics,Basic,BrandD,81.59
4907,electronics,Premium,BrandB,123.92
4908,electronics,Basic,BrandB,67.47
4909,Electronics,Basic,BrandA,26.85
4910,Sports,General,BrandB,76.53
4911,electronics,Basic,BrandA,87.11
4912,Sports,General,BrandC,78.44
4913,Home,General,BrandC,56.39
4914,electronics,Premium,BrandB,28.66
4915,Home,Basic,BrandD,53.77
4916,Electornics,Premium,BrandB,80.99
4917,Home,General,BrandC,55.86
4918,Electornics,Premium,BrandD,96.15
4919,Sports,General,BrandD,63.3
4920,Home,Basic,BrandC,112.01
4921,Home,General,BrandC,105.03
4922,Electornics,Basic,BrandA,102.62
4923,Sports,Basic,BrandA,84.33
4924,Sports,Basic,BrandB,94.19
4925,Electornics,General,BrandD,59.26
4926,Electornics,General,BrandA,87.94
4927,Home,Premium,BrandC,90.2
4928,Sports,Basic,BrandC,82.83
4929,Electornics,General,BrandC,78.27
4930,Sports,Premium,BrandC,120.1
4931,Home,Basic,BrandC,86.77
4932,Electronics,Basic,BrandA,71.15
4933,Sports,Basic,BrandA,70.15
4934,Home,Basic,BrandC,47.63
4935,Home,Premium,BrandB,32.24
4936,Electornics,General,BrandB,109.21
4937,Sports,Basic,BrandC,65.51
4938,Home,General,BrandC,37.13
4939,Electornics,Basic,BrandB,29.03
4940,Electornics,Basic,BrandB,95.27
4941,Electronics,Basic,BrandD,63.81
4942,Home,Premium,BrandD,131.0
4943,Sports,Basic,BrandA,85.45
4944,Electronics,General,BrandD,25.66
4945,electronics,General,BrandD,81.48
4946,Electornics,Basic,BrandB,53.73
4947,Sports,General,BrandA,49.89
4948,electronics,General,BrandB,90.03
4949,Electronics,General,BrandC,26.79
4950,Home,Premium,BrandB,98.33
4951,electronics,Basic,BrandA,96.35
4952,Sports,Premium,BrandA,112.09
4953,Electronics,General,BrandD,105.65
4954,Sports,General,BrandB,117.8
4955,Sports,Premium,BrandC,93.05
4956,electronics,General,BrandC,91.63
4957,Home,Basic,BrandC,62.01
4958,electronics,General,BrandD,48.21
4959,Electronics,General,BrandB,84.41
4960,electronics,Premium,BrandC,116.86
4961,Sports,Premium,BrandB,103.69
4962,Home,General,BrandD,56.8
4963,electronics,Basic,BrandB,56.47
4964,Electronics,Basic,BrandD,75.28
4965,Sports,Basic,BrandB,60.28
4966,Home,Premium,BrandC,69.97
4967,Home,Premium,BrandB,66.11
4968,Electornics,Basic,BrandA,85.94
4969,electronics,Premium,BrandB,59.7
4970,Home,Basic,BrandD,110.46
4971,Electornics,General,BrandA,50.71
4972,Electornics,Premium,BrandC,105.93
4973,Electronics,General,BrandC,107.66
4974,Electronics,General,BrandD,130.44
4975,Sports,Basic,BrandC,59.76
4976,electronics,Basic,BrandC,74.16
4977,Home,Premium,BrandA,72.59
4978,Electornics,Premium,BrandA,42.42
4979,Electornics,Basic,BrandC,76.49
4980,Electornics,Premium,BrandD,140.9
4981,electronics,Premium,BrandB,62.88
4982,Sports,General,BrandC,48.25
4983,Electornics,General,BrandD,105.43
4984,electronics,General,BrandD,69.27
4985,Electornics,Premium,BrandC,121.76
4986,Electornics,Basic,BrandA,70.59
4987,Sports,Premium,BrandC,114.7
4988,Home,Basic,BrandC,77.71
4989,Home,Basic,BrandB,94.66
4990,Sports,Basic,BrandA,78.89
4991,Home,Basic,BrandD,107.95
4992,Electronics,Premium,BrandA,58.68
4993,Sports,General,BrandB,77.99
4994,electronics,General,BrandA,86.74
4995,Electronics,Premium,BrandB,99.4
4996,Sports,General,BrandC,48.26
4997,electronics,General,BrandD,84.23
4998,electronics,General,BrandB,112.86
4999,Electronics,Premium,BrandD,94.06
5000,Home,Premium,BrandC,95.38
